2,1,5346561,12800589,1,,2011-11-07,2011-12-31,f,54,54,,0,325,01089,2011,2008,Hyundai,Sonata,Car,,0,3500,23000,23,Gasoline,21.65,0.00,0.00,0,0,0,0,0,0,0,0,0,0,0,0,0,0,0,1
4,1,5346561,11498668,1,,2009-08-27,2009-09-01,f,5,609,,0,325,01089,2009,2008,Hyundai,Sonata,Car,,0,3500,23000,23,Gasoline,22.54,0.00,0.00,0,0,0,0,0,0,0,0,0,0,0,0,0,0,0,0
7,2,6614801,12800590,1,,2011-11-19,2011-12-31,f,42,42,,0,288,01776,2011,2008,Acura,Mdx,SUV,,0,4500,40000,17,Gasoline,16.00,0.00,0.00,0,0,0,0,0,0,0,0,0,0,0,0,0,0,0,0
9,2,6614801,11498669,1,,2008-07-01,2008-07-02,f,1,183,,0,288,01776,2008,2008,Acura,Mdx,SUV,,0,4500,40000,17,Gasoline,17.00,0.00,0.00,0,0,0,0,0,0,0,0,0,0,0,0,0,0,0,0
10,3,6417306,12800591,1,,2011-12-06,2011-12-31,f,25,25,,0,145,02364,2011,2005,Chevrolet,Silverado-1500,Truck,,0,5000,32000,15,Gasoline,13.29,0.00,0.00,0,0,0,0,0,0,0,0,0,0,0,0,0,0,0,0
1,1,5346561,1,1,30490,2009-09-01,2010-10-02,t,396,396,100,62.29,325,01089,2010,2008,Hyundai,Sonata,Car,,0,3500,23000,23,Gasoline,22.09,2.82,25.53,0,0,0,0,0,0,0,1,1,1,1,0,0,0,0,0
3,1,5346561,2,1,55155,2010-10-02,2011-11-07,t,401,401,100,60.79,325,01089,2011,2008,Hyundai,Sonata,Car,,0,3500,23000,23,Gasoline,21.65,2.81,25.43,0,0,0,0,0,0,0,0,0,0,0,1,1,1,1,0
5,2,6614801,3,1,5,2008-07-02,2009-08-25,t,419,419,100,57.7,288,01776,2009,2008,Acura,Mdx,SUV,,0,4500,40000,17,Gasoline,16.66,3.46,31.36,0,0,1,1,1,1,1,0,0,0,0,0,0,0,0,0
6,2,6614801,4,1,24180,2009-08-25,2010-10-05,t,406,406,100,60.14,288,01776,2010,2008,Acura,Mdx,SUV,,0,4500,40000,17,Gasoline,16.33,3.68,33.36,0,0,0,0,0,0,0,1,1,1,1,0,0,0,0,0
8,2,6614801,5,1,48596,2010-10-05,2011-11-19,t,410,410,100,63.53,288,01776,2011,2008,Acura,Mdx,SUV,,0,4500,40000,17,Gasoline,16.00,3.97,35.96,0,0,0,0,0,0,0,0,0,0,0,1,1,1,1,1
11,3,6417306,7,1,107254,2009-05-01,2009-10-27,t,179,365,49.04,101.66,145,02364,2009,2005,Chevrolet,Silverado-1500,Truck,,0,5000,32000,15,Gasoline,13.84,7.35,66.54,0,0,0,0,0,1,1,0,0,0,0,0,0,0,0,0
12,3,6417306,8,1,144361,2009-10-27,2010-11-01,t,370,370,100,110.01,145,02364,2010,2005,Chevrolet,Silverado-1500,Truck,,0,5000,32000,15,Gasoline,13.56,8.11,73.48,0,0,0,0,0,0,0,1,1,1,1,0,0,0,0,0
13,3,6417306,7,1,107254,2008-10-27,2009-04-30,t,185,365,50.68,101.66,182,02346,2009,2005,Chevrolet,Silverado-1500,Truck,,0,5000,32000,15,Gasoline,13.84,7.35,66.54,0,0,0,1,1,0,0,0,0,0,0,0,0,0,0,0
14,3,6417306,9,1,185065,2010-11-01,2011-12-06,t,400,400,100,104.07,145,02364,2011,2005,Chevrolet,Silverado-1500,Truck,,0,5000,32000,15,Gasoline,13.29,7.83,70.93,0,0,0,0,0,0,0,0,0,0,0,1,1,1,1,1
15,3,6417306,6,1,71047,2007-10-30,2008-10-27,t,363,363,100,99.74,182,02346,2008,2005,Chevrolet,Silverado-1500,Truck,,0,5000,32000,15,Gasoline,14.12,7.07,63.98,1,1,1,0,0,0,0,0,0,0,0,0,0,0,0,0
16,4,1865221,11,1,20084,2010-08-21,2011-09-01,t,376,376,100,274.9,305,01463,2011,2009,Ford,Escape,SUV,,0,3600,27000,21,Gasoline,20.17,13.63,123.43,0,0,0,0,0,0,0,0,0,0,0,1,1,1,1,0
17,4,1865221,12800592,1,,2011-09-01,2011-12-31,f,121,121,,0,305,01463,2011,2009,Ford,Escape,SUV,,0,3600,27000,21,Gasoline,20.17,0.00,0.00,0,0,0,0,0,0,0,0,0,0,0,0,0,0,0,1
19,6,7486833,12800593,2,,2011-10-24,2011-12-31,f,68,68,,0,197,02554,2011,2000,Toyota,Tundra,Truck,,0,4500,26000,14,Gasoline,11.21,0.00,0.00,0,0,0,0,0,0,0,0,0,0,0,0,0,0,0,1
21,7,645848,12800594,1,,2009-01-08,2009-02-28,f,51,1087,,0,160,01852,2009,2001,Chevrolet,Malibu,Car,,0,3100,20000,21,Gasoline,17.87,0.00,0.00,0,0,0,0,1,0,0,0,0,0,0,0,0,0,0,0
22,7,645848,12800594,1,,2009-03-01,2011-02-28,f,729,1087,,0,160,01851,2011,2001,Chevrolet,Malibu,Car,,0,3100,20000,21,Gasoline,17.16,0.00,0.00,0,0,0,0,0,1,1,1,1,1,1,1,1,0,0,0
26,11,905986,12800595,1,,2011-07-26,2011-12-31,f,158,158,,0,83,02333,2011,2004,Ford,Expedition,SUV,,0,5500,36000,14,Gasoline,12.15,0.00,0.00,0,0,0,0,0,0,0,0,0,0,0,0,0,0,1,1
29,12,3976095,12800596,1,,2011-08-08,2011-12-31,f,145,453,,0,207,02459,2011,2011,Bmw,X3,SUV,,0,4100,37000,21,Gasoline,21.00,0.00,0.00,0,0,0,0,0,0,0,0,0,0,0,0,0,0,1,1
30,13,2649027,12800597,1,,2011-03-30,2011-12-31,f,276,276,,0,220,02062,2011,1998,Volvo,S70,Car,,0,3300,33000,20,Gasoline,15.38,0.00,0.00,0,0,0,0,0,0,0,0,0,0,0,0,0,1,1,1
18,4,1865221,10,1,278,2010-07-01,2010-08-21,t,51,380,13.42,52.12,305,01463,2010,2009,Ford,Escape,SUV,,0,3600,27000,21,Gasoline,20.58,2.53,22.93,0,0,0,0,0,0,0,0,0,0,1,0,0,0,0,0
20,6,7486833,12,2,62139,2007-01-30,2011-10-24,t,1728,1728,100,10.97,197,02554,2011,2000,Toyota,Tundra,Truck,,0,4500,26000,14,Gasoline,11.21,0.98,8.86,1,1,1,1,1,1,1,1,1,1,1,1,1,1,1,0
23,7,645848,13,1,64138,2007-03-30,2008-04-16,t,383,383,100,16.27,160,01852,2008,2001,Chevrolet,Malibu,Car,,0,3100,20000,21,Gasoline,18.23,0.89,8.08,1,0,0,0,0,0,0,0,0,0,0,0,0,0,0,0
24,7,645848,14,1,70369,2008-04-16,2009-01-08,t,267,267,100,59.1,160,01852,2009,2001,Chevrolet,Malibu,Car,,0,3100,20000,21,Gasoline,17.87,3.31,29.95,0,1,1,1,0,0,0,0,0,0,0,0,0,0,0,0
25,11,905986,17,1,92354,2010-06-12,2011-07-26,t,409,409,100,45.53,83,02333,2011,2004,Ford,Expedition,SUV,,0,5500,36000,14,Gasoline,12.15,3.75,33.92,0,0,0,0,0,0,0,0,0,0,1,1,1,1,0,0
27,11,905986,15,1,47816,2008-02-01,2009-05-16,t,470,624,75.32,43.33,83,02333,2009,2004,Ford,Expedition,SUV,,0,5500,36000,14,Gasoline,12.65,3.42,31.01,1,1,1,1,1,1,0,0,0,0,0,0,0,0,0,0
28,11,905986,16,1,74855,2009-05-16,2010-06-12,t,392,392,100,44.64,83,02333,2010,2004,Ford,Expedition,SUV,,0,5500,36000,14,Gasoline,12.40,3.60,32.60,0,0,0,0,0,0,1,1,1,1,0,0,0,0,0,0
31,13,2003168,20,1,129192,2007-11-03,2009-03-31,t,514,1243,41.35,34.92,208,02056,2009,1998,Volvo,S70,Car,,0,3300,33000,20,Gasoline,16.01,2.18,19.75,1,1,1,1,1,0,0,0,0,0,0,0,0,0,0,0
32,13,2649027,20,1,129192,2011-03-28,2011-03-30,t,2,1243,0.16,34.92,220,02062,2011,1998,Volvo,S70,Car,,0,3300,33000,20,Gasoline,15.38,2.27,20.56,0,0,0,0,0,0,0,0,0,0,0,0,0,0,0,0
33,14,6375106,12800598,2,,2011-01-26,2011-12-31,f,339,339,,0,100,01702,2011,1999,Jeep,Grand-Cherokee,SUV,,0,3900,28000,16,Gasoline,12.56,0.00,0.00,0,0,0,0,0,0,0,0,0,0,0,0,1,1,1,1
35,15,2285993,12800599,1,,2010-08-12,2011-12-31,f,506,516,,0,0,00000,2011,2010,Toyota,Highlander-Hybrid,SUV,,1,4600,41000,,Gasoline,,,,0,0,0,0,0,0,0,0,0,0,1,1,1,1,1,1
36,16,589456,12800600,2,,2011-02-07,2011-11-13,f,279,327,,0,57,74117,2011,2010,Hyundai,Santa-Fe,SUV,,0,3900,25000,23,Gasoline,22.54,0.00,0.00,0,0,0,0,0,0,0,0,0,0,0,0,1,1,1,0
37,16,2714663,12800600,1,,2011-11-14,2011-12-31,f,47,327,,0,50,02021,2011,2010,Hyundai,Santa-Fe,SUV,,0,3900,25000,23,Gasoline,22.54,0.00,0.00,0,0,0,0,0,0,0,0,0,0,0,0,0,0,0,1
41,17,270035,12800601,1,,2011-03-19,2011-12-31,f,287,287,,0,266,02067,2011,2003,Toyota,Sienna,Van,,0,3900,27000,19,Gasoline,16.16,0.00,0.00,0,0,0,0,0,0,0,0,0,0,0,0,0,1,1,1
44,19,1709960,12800602,1,,2011-01-15,2011-12-31,f,350,350,,0,271,01545,2011,2010,Honda,Odyssey,Van,,0,4600,36000,20,Gasoline,19.60,0.00,0.00,0,0,0,0,0,0,0,0,0,0,0,0,1,1,1,1
45,19,1709960,11498674,1,,2010-01-11,2010-01-12,f,1,742,,0,271,01545,2010,2010,Honda,Odyssey,Van,,0,4600,36000,20,Gasoline,20.00,0.00,0.00,0,0,0,0,0,0,0,0,0,0,0,0,0,0,0,0
46,20,4137389,12800603,1,,2008-06-01,2011-12-31,f,1308,1442,,0,0,00000,2011,1986,Buick,Regal,Car,,0,3400,15000,18,Gasoline,10.86,0.00,0.00,0,0,1,1,1,1,1,1,1,1,1,1,1,1,1,1
47,25,4638522,12800604,1,,2011-03-01,2011-12-31,f,305,784,,0,243,02169,2011,2011,Kia,Sorento,SUV,,0,3700,22000,23,Gasoline,23.00,0.00,0.00,0,0,0,0,0,0,0,0,0,0,0,0,0,1,1,1
49,32,6532210,12800605,1,,2011-03-31,2011-12-31,f,275,275,,0,176,02155,2011,1997,Chevrolet,Malibu,Car,,0,3100,16000,,Gasoline,,,,0,0,0,0,0,0,0,0,0,0,0,0,0,1,1,1
34,14,851975,21,1,91014,2008-09-25,2009-10-31,t,401,1295,30.97,24.47,100,01702,2009,1999,Jeep,Grand-Cherokee,SUV,,0,3900,28000,16,Gasoline,13.07,1.87,16.95,0,0,0,1,1,1,1,0,0,0,0,0,0,0,0,0
38,16,589456,25,2,101535,2010-05-03,2011-02-07,t,280,553,50.63,28.37,57,74117,2011,2010,Hyundai,Santa-Fe,SUV,,0,3900,25000,23,Gasoline,22.54,1.26,11.40,0,0,0,0,0,0,0,0,0,1,1,1,0,0,0,0
39,17,270035,29,1,114688,2010-02-27,2011-03-19,t,385,385,100,55.11,266,02067,2011,2003,Toyota,Sienna,Van,,0,3900,27000,19,Gasoline,16.16,3.41,30.88,0,0,0,0,0,0,0,0,0,1,1,1,1,0,0,0
40,17,270035,28,1,105254,2009-02-19,2010-02-27,t,373,373,100,25.29,266,02067,2010,2003,Toyota,Sienna,Van,,0,3900,27000,19,Gasoline,16.49,1.53,13.89,0,0,0,0,0,1,1,1,1,0,0,0,0,0,0,0
42,17,270035,27,1,87547,2008-07-01,2009-02-19,t,233,413,56.42,42.87,266,02067,2009,2003,Toyota,Sienna,Van,,0,3900,27000,19,Gasoline,16.83,2.55,23.07,0,0,1,1,1,0,0,0,0,0,0,0,0,0,0,0
43,19,1709960,30,1,1346,2010-01-12,2011-01-15,t,368,368,100,11.15,271,01545,2011,2010,Honda,Odyssey,Van,,0,4600,36000,20,Gasoline,19.60,0.57,5.15,0,0,0,0,0,0,0,0,1,1,1,1,0,0,0,0
53,33,2970747,12800606,1,,2008-06-20,2008-09-30,f,102,1289,,0,46,02445,2008,1994,Toyota,Camry,Car,,0,3100,20000,21,Gasoline,15.83,0.00,0.00,0,0,1,0,0,0,0,0,0,0,0,0,0,0,0,0
55,36,3381735,12800607,1,,2011-02-28,2011-12-31,f,306,306,,0,35,02128,2011,2008,Hyundai,Elantra,Car,,0,2800,16000,28,Gasoline,26.35,0.00,0.00,0,0,0,0,0,0,0,0,0,0,0,0,0,1,1,1
57,39,6481715,12800608,1,,2010-08-09,2011-12-31,f,509,509,,0,0,00000,2011,1993,Lexus,Sc-400,Car,,0,3600,42000,18,Gasoline,12.51,0.00,0.00,0,0,0,0,0,0,0,0,0,0,1,1,1,1,1,1
60,40,6790992,12800609,1,,2008-12-05,2010-03-31,f,481,1121,,0,275,01075,2010,1999,Ford,F-250-Super-Duty,Truck,,0,5700,26000,,Diesel,,,,0,0,0,0,1,1,1,1,1,0,0,0,0,0,0,0
63,40,6437676,11498677,1,,2008-05-01,2008-05-13,f,12,133,,0,111,01033,2008,1999,Ford,F-250-Super-Duty,Truck,,0,5700,26000,,Diesel,,,,0,0,0,0,0,0,0,0,0,0,0,0,0,0,0,0
65,41,4177260,12800610,1,,2010-02-24,2011-12-31,f,675,675,,0,0,00000,2011,1999,Plymouth,Voyager,Van,,0,3500,19000,18,Gasoline,14.12,0.00,0.00,0,0,0,0,0,0,0,0,0,1,1,1,1,1,1,1
50,32,6532210,34,1,58143,2008-06-01,2009-03-06,t,278,365,76.16,6.53,176,02155,2009,1997,Chevrolet,Malibu,Car,,0,3100,16000,,Gasoline,,,,0,0,1,1,1,0,0,0,0,0,0,0,0,0,0,0
51,32,6532210,36,1,62689,2010-03-02,2011-03-31,t,394,394,100,4,176,02155,2011,1997,Chevrolet,Malibu,Car,,0,3100,16000,,Gasoline,,,,0,0,0,0,0,0,0,0,0,1,1,1,1,0,0,0
52,33,2970747,37,1,172827,2006-10-27,2008-06-20,t,602,602,100,19.11,46,02445,2008,1994,Toyota,Camry,Car,,0,3100,20000,21,Gasoline,15.83,1.21,10.94,1,1,0,0,0,0,0,0,0,0,0,0,0,0,0,0
54,36,3381735,39,1,20525,2010-11-01,2011-02-28,t,119,392,30.36,52.6,35,02128,2011,2008,Hyundai,Elantra,Car,,0,2800,16000,28,Gasoline,26.35,2.00,18.08,0,0,0,0,0,0,0,0,0,0,0,1,1,0,0,0
56,39,6481715,41,1,130228,2008-09-04,2009-09-09,t,370,370,100,0.95,0,00000,2009,1993,Lexus,Sc-400,Car,,0,3600,42000,18,Gasoline,13.03,0.07,0.66,0,0,0,1,1,1,1,0,0,0,0,0,0,0,0,0
58,39,6481715,40,1,128953,2007-10-01,2008-09-04,t,339,358,94.69,3.56,0,00000,2008,1993,Lexus,Sc-400,Car,,0,3600,42000,18,Gasoline,13.29,0.27,2.43,1,1,1,0,0,0,0,0,0,0,0,0,0,0,0,0
59,39,6481715,42,1,130580,2009-09-09,2010-08-09,t,334,334,100,5.22,0,00000,2010,1993,Lexus,Sc-400,Car,,0,3600,42000,18,Gasoline,12.77,0.41,3.70,0,0,0,0,0,0,0,1,1,1,0,0,0,0,0,0
61,40,6790992,43,1,97120,2008-12-03,2008-12-05,t,2,206,0.97,294.43,275,01075,2008,1999,Ford,F-250-Super-Duty,Truck,,0,5700,26000,,Diesel,,,,0,0,0,0,0,0,0,0,0,0,0,0,0,0,0,0
62,40,6437676,43,1,97120,2008-05-13,2008-12-02,t,203,206,98.54,294.43,0,00000,2008,1999,Ford,F-250-Super-Duty,Truck,,0,5700,26000,,Diesel,,,,0,1,1,1,0,0,0,0,0,0,0,0,0,0,0,0
64,41,4177260,46,1,98018,2009-02-18,2010-02-24,t,371,371,100,15.6,56,01824,2010,1999,Plymouth,Voyager,Van,,0,3500,19000,18,Gasoline,14.41,1.08,9.80,0,0,0,0,0,1,1,1,1,0,0,0,0,0,0,0
68,42,2081698,12800611,1,,2011-04-11,2011-12-31,f,264,264,,0,82,02332,2011,1997,Ford,Explorer,SUV,,0,4200,29000,15,Gasoline,11.30,0.00,0.00,0,0,0,0,0,0,0,0,0,0,0,0,0,1,1,1
71,43,5742792,12800612,1,,2008-04-01,2010-03-31,f,729,1381,,0,0,00000,2010,2002,Mini,Cooper,Car,,0,2300,17000,25,Gasoline,21.27,0.00,0.00,0,1,1,1,1,1,1,1,1,0,0,0,0,0,0,0
72,45,6694467,12800613,1,,2011-01-24,2011-12-31,f,341,445,,0,87,01027,2011,2002,Kia,Spectra,Car,,0,2700,12000,23,Gasoline,19.18,0.00,0.00,0,0,0,0,0,0,0,0,0,0,0,0,1,1,1,1
74,46,114444,12800614,1,,2011-08-01,2011-12-31,f,152,152,,0,35,02132,2011,2009,Subaru,Outback,Car,,0,3500,29000,22,Gasoline,21.13,0.00,0.00,0,0,0,0,0,0,0,0,0,0,0,0,0,0,1,1
78,47,5980306,12800615,1,,2011-05-27,2011-12-31,f,218,218,,0,201,02745,2011,2005,Ford,Focus,Car,,0,2700,17000,25,Gasoline,22.15,0.00,0.00,0,0,0,0,0,0,0,0,0,0,0,0,0,0,1,1
66,41,4177260,45,1,92729,2008-07-01,2009-02-18,t,232,357,64.99,14.82,56,01824,2009,1999,Plymouth,Voyager,Van,,0,3500,19000,18,Gasoline,14.71,1.01,9.12,0,0,1,1,1,0,0,0,0,0,0,0,0,0,0,0
67,42,496269,47,1,164120,2008-03-26,2009-08-31,t,523,1065,49.11,22.14,82,02332,2009,1997,Ford,Explorer,SUV,,0,4200,29000,15,Gasoline,11.77,1.88,17.03,0,1,1,1,1,1,1,0,0,0,0,0,0,0,0,0
69,42,2081698,47,1,164120,2010-03-10,2010-05-07,t,58,1065,5.45,22.14,82,02332,2010,1997,Ford,Explorer,SUV,,0,4200,29000,15,Gasoline,11.54,1.92,17.38,0,0,0,0,0,0,0,0,0,0,0,0,0,0,0,0
70,42,2081698,48,1,187694,2010-05-07,2011-04-11,t,339,339,100,19.69,82,02332,2011,1997,Ford,Explorer,SUV,,0,4200,29000,15,Gasoline,11.30,1.74,15.77,0,0,0,0,0,0,0,0,0,1,1,1,1,0,0,0
73,45,3231896,50,1,64577,2008-09-01,2010-08-31,t,729,1319,55.27,45.39,137,01040,2010,2002,Kia,Spectra,Car,,0,2700,12000,23,Gasoline,19.57,2.32,21.00,0,0,0,1,1,1,1,1,1,1,1,0,0,0,0,0
75,46,114444,52,1,19020,2010-10-01,2011-08-01,t,304,361,84.21,42.33,35,02132,2011,2009,Subaru,Outback,Car,,0,3500,29000,22,Gasoline,21.13,2.00,18.14,0,0,0,0,0,0,0,0,0,0,0,1,1,1,0,0
76,47,5980306,56,1,34645,2010-05-14,2011-05-27,t,378,378,100,13.31,201,02745,2011,2005,Ford,Focus,Car,,0,2700,17000,25,Gasoline,22.15,0.60,5.44,0,0,0,0,0,0,0,0,0,1,1,1,1,1,0,0
77,47,5980306,55,1,30412,2009-11-01,2010-05-14,t,194,379,51.19,11.17,201,02745,2010,2005,Ford,Focus,Car,,0,2700,17000,25,Gasoline,22.60,0.49,4.48,0,0,0,0,0,0,0,1,1,0,0,0,0,0,0,0
79,47,5980306,53,1,23558,2008-01-15,2008-01-18,t,3,578,0.52,4.97,201,02740,2008,2005,Ford,Focus,Car,,0,2700,17000,25,Gasoline,23.53,0.21,1.91,0,0,0,0,0,0,0,0,0,0,0,0,0,0,0,0
80,47,5980306,55,1,30412,2009-04-30,2009-10-31,t,184,379,48.55,11.17,201,02740,2009,2005,Ford,Focus,Car,,0,2700,17000,25,Gasoline,23.06,0.48,4.39,0,0,0,0,0,1,1,0,0,0,0,0,0,0,0,0
81,47,5980306,54,1,26431,2008-01-18,2009-04-30,t,468,468,100,8.51,201,02740,2009,2005,Ford,Focus,Car,,0,2700,17000,25,Gasoline,23.06,0.37,3.34,1,1,1,1,1,0,0,0,0,0,0,0,0,0,0,0
83,48,5623546,12800616,1,,2011-06-15,2011-12-31,f,199,199,,0,61,01013,2011,2004,Honda,Civic,Car,,0,2500,15000,29,Gasoline,25.18,0.00,0.00,0,0,0,0,0,0,0,0,0,0,0,0,0,0,1,1
84,50,3947656,12800617,1,,2011-04-29,2011-12-31,f,246,246,,0,83,02333,2011,2009,Hyundai,Sonata,Car,,0,3300,20000,26,Gasoline,24.97,0.00,0.00,0,0,0,0,0,0,0,0,0,0,0,0,0,1,1,1
87,51,3204466,12800618,1,,2008-09-17,2009-06-30,f,286,1200,,0,305,01880,2009,,,,,,,,,,,,,,0,0,0,1,1,1,0,0,0,0,0,0,0,0,0,0
88,55,1902286,12800619,1,,2011-07-21,2011-12-31,f,163,163,,0,40,02184,2011,2005,Honda,Odyssey,Van,,0,4500,29000,19,Gasoline,16.83,0.00,0.00,0,0,0,0,0,0,0,0,0,0,0,0,0,0,1,1
94,56,4807976,12800620,1,,2011-12-27,2011-12-31,f,4,4,,0,308,02453,2011,2004,Volkswagen,Jetta,Car,,0,2900,20000,24,Gasoline,20.84,0.00,0.00,0,0,0,0,0,0,0,0,0,0,0,0,0,0,0,0
97,57,1829998,12800621,1,,2010-10-01,2011-12-31,f,456,670,,0,128,01835,2011,2007,Mazda,Mazda6,Car,,0,3100,22000,24,Gasoline,22.14,0.00,0.00,0,0,0,0,0,0,0,0,0,0,0,1,1,1,1,1
98,58,3962496,12800622,1,,2011-12-27,2011-12-31,f,4,4,,0,72,02748,2011,1990,Ford,Bronco-Ii,SUV,,0,3400,16000,17,Gasoline,11.12,0.00,0.00,0,0,0,0,0,0,0,0,0,0,0,0,0,0,0,0
82,48,5623546,57,1,9293,2008-03-01,2011-06-15,t,1201,1483,80.98,8.77,61,01013,2011,2004,Honda,Civic,Car,,0,2500,15000,29,Gasoline,25.18,0.35,3.15,0,1,1,1,1,1,1,1,1,1,1,1,1,1,0,0
85,50,3947656,58,1,22923,2010-08-01,2011-04-29,t,271,370,73.24,57.74,83,02333,2011,2009,Hyundai,Sonata,Car,,0,3300,20000,26,Gasoline,24.97,2.31,20.94,0,0,0,0,0,0,0,0,0,0,1,1,1,0,0,0
86,51,3204466,59,1,51148,2007-07-01,2008-09-17,t,444,681,65.2,0.27,305,01880,2008,,,,,,,,,,,,,,1,1,1,0,0,0,0,0,0,0,0,0,0,0,0,0
89,55,1902286,63,1,95669,2010-07-19,2011-07-21,t,367,367,100,33.02,40,02184,2011,2005,Honda,Odyssey,Van,,0,4500,29000,19,Gasoline,16.83,1.96,17.76,0,0,0,0,0,0,0,0,0,0,1,1,1,1,0,0
90,55,1902286,62,1,75654,2009-07-30,2010-07-19,t,354,354,100,56.54,40,02184,2010,2005,Honda,Odyssey,Van,,0,4500,29000,19,Gasoline,17.17,3.29,29.81,0,0,0,0,0,0,1,1,1,1,0,0,0,0,0,0
91,55,1902286,60,1,42037,2007-07-27,2008-07-07,t,346,346,100,39.72,40,02184,2008,2005,Honda,Odyssey,Van,,0,4500,29000,19,Gasoline,17.88,2.22,20.12,1,1,0,0,0,0,0,0,0,0,0,0,0,0,0,0
92,55,1902286,61,1,55781,2008-07-07,2009-07-30,t,388,388,100,51.22,40,02184,2009,2005,Honda,Odyssey,Van,,0,4500,29000,19,Gasoline,17.52,2.92,26.47,0,0,1,1,1,1,0,0,0,0,0,0,0,0,0,0
93,56,2526666,64,1,46242,2007-09-01,2009-08-31,t,730,1476,49.46,26.66,216,01534,2009,2004,Volkswagen,Jetta,Car,,0,2900,20000,24,Gasoline,21.69,1.23,11.13,1,1,1,1,1,1,1,0,0,0,0,0,0,0,0,0
95,56,4807976,65,1,85597,2010-12-09,2011-12-27,t,383,383,100,16.73,308,02453,2011,2004,Volkswagen,Jetta,Car,,0,2900,20000,24,Gasoline,20.84,0.80,7.27,0,0,0,0,0,0,0,0,0,0,0,0,1,1,1,1
102,59,514411,12800623,1,,2010-09-01,2011-12-31,f,486,936,,0,219,02061,2011,2007,Nissan,Murano,SUV,,0,4000,31000,19,Gasoline,17.52,0.00,0.00,0,0,0,0,0,0,0,0,0,0,0,1,1,1,1,1
104,59,7545499,12800623,1,,2009-06-08,2010-02-28,f,265,936,,0,20,02601,2010,2007,Nissan,Murano,SUV,,0,4000,31000,19,Gasoline,17.88,0.00,0.00,0,0,0,0,0,0,1,1,1,0,0,0,0,0,0,0
105,60,923217,12800624,1,,2011-06-03,2011-12-31,f,211,211,,0,177,02053,2011,2006,Dodge,Dakota,Truck,,0,4300,21000,16,Gasoline,14.46,0.00,0.00,0,0,0,0,0,0,0,0,0,0,0,0,0,0,1,1
109,61,6476635,12800625,1,,2010-11-22,2011-12-31,f,404,915,,0,207,02459,2011,2011,Bmw,3-Series,Car,,0,4000,44000,22,Gasoline,22.00,0.00,0.00,0,0,0,0,0,0,0,0,0,0,0,0,1,1,1,1
112,63,4796696,12800626,1,,2011-02-01,2011-12-31,f,333,333,,0,303,01568,2011,2007,Ford,Escape,SUV,,0,3500,27000,19,Gasoline,17.52,0.00,0.00,0,0,0,0,0,0,0,0,0,0,0,0,1,1,1,1
99,58,3962496,68,1,74943,2010-12-07,2011-12-27,t,385,385,100,14.83,0,00000,2011,1990,Ford,Bronco-Ii,SUV,,0,3400,16000,17,Gasoline,11.12,1.33,12.08,0,0,0,0,0,0,0,0,0,0,0,0,1,1,1,1
100,58,3962496,67,1,64014,2010-10-01,2010-12-07,t,67,360,18.61,30.36,0,00000,2010,1990,Ford,Bronco-Ii,SUV,,0,3400,16000,17,Gasoline,11.35,2.67,24.22,0,0,0,0,0,0,0,0,0,0,0,1,0,0,0,0
101,59,7545499,69,1,113,2008-03-01,2008-05-05,t,65,447,14.54,386.52,20,02601,2008,2007,Nissan,Murano,SUV,,0,4000,31000,19,Gasoline,18.62,20.76,187.98,0,0,0,0,0,0,0,0,0,0,0,0,0,0,0,0
103,59,7545499,70,1,172888,2008-05-05,2009-06-08,t,399,399,100,20.99,20,02601,2009,2007,Nissan,Murano,SUV,,0,4000,31000,19,Gasoline,18.25,1.15,10.41,0,1,1,1,1,1,0,0,0,0,0,0,0,0,0,0
106,60,923217,74,1,51953,2010-06-03,2011-06-03,t,365,365,100,33.47,177,02053,2011,2006,Dodge,Dakota,Truck,,0,4300,21000,16,Gasoline,14.46,2.31,20.96,0,0,0,0,0,0,0,0,0,0,1,1,1,1,0,0
107,60,923217,73,1,37376,2009-01-08,2010-06-03,t,511,511,100,28.53,177,02053,2010,2006,Dodge,Dakota,Truck,,0,4300,21000,16,Gasoline,14.76,1.93,17.50,0,0,0,0,1,1,1,1,1,1,0,0,0,0,0,0
108,60,923217,72,1,24194,2008-07-01,2009-01-08,t,191,195,97.95,67.6,177,02053,2009,2006,Dodge,Dakota,Truck,,0,4300,21000,16,Gasoline,15.06,4.49,40.65,0,0,1,1,0,0,0,0,0,0,0,0,0,0,0,0
110,63,4796696,77,1,66396,2010-01-15,2011-02-01,t,382,382,100,46.04,303,01568,2011,2007,Ford,Escape,SUV,,0,3500,27000,19,Gasoline,17.52,2.63,23.79,0,0,0,0,0,0,0,0,1,1,1,1,0,0,0,0
111,63,2542336,76,1,22966,2007-10-12,2009-02-28,t,505,826,61.14,52.58,303,01568,2009,2007,Ford,Escape,SUV,,0,3500,27000,19,Gasoline,18.25,2.88,26.09,1,1,1,1,1,0,0,0,0,0,0,0,0,0,0,0
113,63,4796696,76,1,22966,2009-12-29,2010-01-15,t,17,826,2.06,52.58,303,01568,2010,2007,Ford,Escape,SUV,,0,3500,27000,19,Gasoline,17.88,2.94,26.63,0,0,0,0,0,0,0,0,0,0,0,0,0,0,0,0
114,64,6725401,78,1,1169,2008-03-24,2009-01-24,t,306,306,100,74.21,247,02769,2009,2008,Honda,Cr-V,SUV,,0,3500,28000,23,Gasoline,22.54,3.29,29.81,0,1,1,1,0,0,0,0,0,0,0,0,0,0,0,0
116,64,6725401,12800627,1,,2011-03-25,2011-12-31,f,281,281,,0,247,02769,2011,2008,Honda,Cr-V,SUV,,0,3500,28000,23,Gasoline,21.65,0.00,0.00,0,0,0,0,0,0,0,0,0,0,0,0,0,1,1,1
118,64,6725401,11498683,1,,2008-03-14,2008-03-24,f,10,83,,0,247,02769,2008,2008,Honda,Cr-V,SUV,,0,3500,28000,23,Gasoline,23.00,0.00,0.00,0,0,0,0,0,0,0,0,0,0,0,0,0,0,0,0
120,66,2481157,12800628,1,,2011-07-27,2011-12-31,f,157,239,,0,0,00000,2011,1996,Cadillac,Deville,Car,,0,4000,37000,19,Gasoline,14.03,0.00,0.00,0,0,0,0,0,0,0,0,0,0,0,0,0,0,1,1
123,67,519386,12800629,1,,2011-02-10,2011-12-31,f,324,324,,0,210,01845,2011,1999,Audi,A6,Car,,0,3600,36000,19,Gasoline,14.91,0.00,0.00,0,0,0,0,0,0,0,0,0,0,0,0,1,1,1,1
125,68,6226556,12800630,1,,2009-02-12,2010-02-28,f,381,1052,,0,73,02026,2010,2002,Toyota,Camry,Car,,0,3300,24000,21,Gasoline,17.87,0.00,0.00,0,0,0,0,1,1,1,1,1,0,0,0,0,0,0,0
127,68,6226556,12800630,1,,2010-03-01,2011-12-31,f,670,1052,,0,73,02026,2011,2002,Toyota,Camry,Car,,0,3300,24000,21,Gasoline,17.51,0.00,0.00,0,0,0,0,0,0,0,0,0,1,1,1,1,1,1,1
128,69,3237738,12800631,1,,2011-03-25,2011-10-31,f,220,415,,0,160,01852,2011,2006,Honda,Pilot,SUV,,0,4500,31000,17,Gasoline,15.37,0.00,0.00,0,0,0,0,0,0,0,0,0,0,0,0,0,1,1,0
129,69,3237738,12800631,1,,2011-11-01,2011-12-31,f,60,415,,0,160,01852,2011,2006,Honda,Pilot,SUV,,0,4500,31000,17,Gasoline,15.37,0.00,0.00,0,0,0,0,0,0,0,0,0,0,0,0,0,0,0,1
115,64,6725401,79,1,23877,2009-01-24,2010-03-11,t,411,411,100,50.92,247,02769,2010,2008,Honda,Cr-V,SUV,,0,3500,28000,23,Gasoline,22.09,2.31,20.88,0,0,0,0,1,1,1,1,1,0,0,0,0,0,0,0
117,64,6725401,80,1,44805,2010-03-11,2011-03-25,t,379,379,100,58.63,247,02769,2011,2008,Honda,Cr-V,SUV,,0,3500,28000,23,Gasoline,21.65,2.71,24.52,0,0,0,0,0,0,0,0,0,1,1,1,1,0,0,0
119,66,2713864,81,1,126551,2007-06-01,2009-05-31,t,730,1058,69,13.89,0,00000,2009,1996,Cadillac,Deville,Car,,0,4000,37000,19,Gasoline,14.61,0.95,8.61,1,1,1,1,1,1,0,0,0,0,0,0,0,0,0,0
121,67,519386,85,1,61576,2010-01-09,2011-02-10,t,397,397,100,16.89,210,01845,2011,1999,Audi,A6,Car,,0,3600,36000,19,Gasoline,14.91,1.13,10.26,0,0,0,0,0,0,0,0,1,1,1,1,0,0,0,0
122,67,519386,83,1,51856,2007-12-13,2008-12-06,t,359,359,100,13.55,210,01845,2008,1999,Audi,A6,Car,,0,3600,36000,19,Gasoline,15.84,0.86,7.75,1,1,1,1,0,0,0,0,0,0,0,0,0,0,0,0
124,67,519386,84,1,56720,2008-12-06,2010-01-09,t,399,399,100,12.17,210,01845,2010,1999,Audi,A6,Car,,0,3600,36000,19,Gasoline,15.21,0.80,7.24,0,0,0,0,1,1,1,1,0,0,0,0,0,0,0,0
126,68,6226556,87,1,55773,2008-03-01,2009-02-12,t,348,353,98.58,24.55,73,02026,2009,2002,Toyota,Camry,Car,,0,3300,24000,21,Gasoline,18.23,1.35,12.19,0,1,1,1,0,0,0,0,0,0,0,0,0,0,0,0
130,70,2750257,89,1,10019,2007-05-11,2010-06-18,t,1134,1134,100,29.34,0,00000,2010,2006,Gmc,Sierra-1500,Truck,,0,4600,25000,16,Gasoline,14.76,1.99,18.00,1,1,1,1,1,1,1,1,1,1,0,0,0,0,0,0
134,71,2645192,12800633,1,,2011-09-22,2011-12-31,f,100,100,,0,95,02724,2011,2007,Honda,Cr-V,SUV,,0,3500,25000,22,Gasoline,20.29,0.00,0.00,0,0,0,0,0,0,0,0,0,0,0,0,0,0,0,1
136,73,4733073,12800635,1,,2011-12-19,2011-12-31,f,12,12,,0,35,02116,2011,2010,Volkswagen,Tiguan,SUV,,0,3400,30000,20,Gasoline,19.60,0.00,0.00,0,0,0,0,0,0,0,0,0,0,0,0,0,0,0,0
141,78,7788775,12800636,2,,2010-06-21,2011-12-31,f,558,558,,0,40,76051,2011,1997,Ford,,,,0,3800,23000,18,,13.57,0.00,0.00,0,0,0,0,0,0,0,0,0,0,1,1,1,1,1,1
144,79,5820441,12800637,1,,2011-11-16,2011-12-31,f,45,45,,0,259,01952,2011,1998,Volvo,V90,Car,,0,3600,36000,19,Gasoline,14.61,0.00,0.00,0,0,0,0,0,0,0,0,0,0,0,0,0,0,0,0
132,71,2925154,91,1,12458,2008-04-01,2010-03-31,t,729,1388,52.52,37.66,16,02703,2010,2007,Honda,Cr-V,SUV,,0,3500,25000,22,Gasoline,20.71,1.82,16.47,0,1,1,1,1,1,1,1,1,0,0,0,0,0,0,0
133,71,2925154,91,1,12458,2010-04-01,2011-09-20,t,537,1388,38.69,37.66,76,02715,2011,2007,Honda,Cr-V,SUV,,0,3500,25000,22,Gasoline,20.29,1.86,16.81,0,0,0,0,0,0,0,0,0,1,1,1,1,1,1,0
135,71,2645192,91,1,12458,2011-09-21,2011-09-22,t,1,1388,0.07,37.66,95,02724,2011,2007,Honda,Cr-V,SUV,,0,3500,25000,22,Gasoline,20.29,1.86,16.81,0,0,0,0,0,0,0,0,0,0,0,0,0,0,0,0
137,73,4733073,94,1,12141,2010-12-18,2011-12-19,t,366,366,100,39.42,35,02116,2011,2010,Volkswagen,Tiguan,SUV,,0,3400,30000,20,Gasoline,19.60,2.01,18.21,0,0,0,0,0,0,0,0,0,0,0,0,1,1,1,1
138,73,4733073,93,1,110,2009-11-09,2010-12-18,t,404,404,100,29.78,0,00000,2010,2010,Volkswagen,Tiguan,SUV,,0,3400,30000,20,Gasoline,20.00,1.49,13.48,0,0,0,0,0,0,0,1,1,1,1,1,0,0,0,0
139,78,7788775,96,2,85328,2008-07-07,2010-06-21,t,714,714,100,13.42,40,76051,2010,1997,Ford,,,,0,3800,23000,18,,13.84,0.97,8.78,0,0,1,1,1,1,1,1,1,1,0,0,0,0,0,0
140,78,7788775,95,2,77097,2008-01-01,2008-07-07,t,188,364,51.65,22.61,40,76051,2008,1997,Ford,,,,0,3800,23000,18,,14.41,1.57,14.21,1,1,0,0,0,0,0,0,0,0,0,0,0,0,0,0
142,79,5820441,98,1,164599,2008-10-22,2009-10-27,t,370,370,100,21.16,0,00000,2009,1998,Volvo,V90,Car,,0,3600,36000,19,Gasoline,15.21,1.39,12.59,0,0,0,1,1,1,1,0,0,0,0,0,0,0,0,0
143,79,5820441,97,1,153709,2008-04-01,2008-10-22,t,204,364,56.04,29.92,0,00000,2008,1998,Volvo,V90,Car,,0,3600,36000,19,Gasoline,15.52,1.93,17.45,0,1,1,0,0,0,0,0,0,0,0,0,0,0,0,0
145,79,5820441,100,1,179155,2010-11-01,2011-11-16,t,380,380,100,19.41,0,00000,2011,1998,Volvo,V90,Car,,0,3600,36000,19,Gasoline,14.61,1.33,12.03,0,0,0,0,0,0,0,0,0,0,0,1,1,1,1,1
146,79,5820441,99,1,172428,2009-10-27,2010-11-01,t,370,370,100,18.18,0,00000,2010,1998,Volvo,V90,Car,,0,3600,36000,19,Gasoline,14.91,1.22,11.04,0,0,0,0,0,0,0,1,1,1,1,0,0,0,0,0
147,80,530171,103,1,45500,2010-12-06,2011-12-27,t,386,386,100,11.14,0,00000,2011,2003,Kia,Rio,Car,,0,2400,11000,26,Gasoline,22.12,0.50,4.56,0,0,0,0,0,0,0,0,0,0,0,0,1,1,1,1
149,80,530171,12800638,1,,2011-12-27,2011-12-31,f,4,4,,0,242,02657,2011,2003,Kia,Rio,Car,,0,2400,11000,26,Gasoline,22.12,0.00,0.00,0,0,0,0,0,0,0,0,0,0,0,0,0,0,0,0
152,82,8105723,11498687,1,,2008-05-27,2009-07-31,f,430,986,,0,309,01082,2009,2008,Jeep,Liberty,SUV,,0,4300,26000,18,Gasoline,17.64,0.00,0.00,0,0,1,1,1,1,0,0,0,0,0,0,0,0,0,0
153,82,6533052,12800639,1,,2011-10-11,2011-12-31,f,81,81,,0,124,01031,2011,2008,Jeep,Liberty,SUV,,0,4300,26000,18,Gasoline,16.94,0.00,0.00,0,0,0,0,0,0,0,0,0,0,0,0,0,0,0,1
156,84,8313543,12800640,1,,2011-08-23,2011-12-31,f,130,592,,0,155,02421,2011,1997,Jeep,Grand-Cherokee,SUV,,0,3900,29000,16,Gasoline,12.06,0.00,0.00,0,0,0,0,0,0,0,0,0,0,0,0,0,0,0,1
157,84,5142299,12800640,1,,2010-06-09,2011-08-22,f,439,592,,0,78,02030,2011,1997,Jeep,Grand-Cherokee,SUV,,0,3900,29000,16,Gasoline,12.06,0.00,0.00,0,0,0,0,0,0,0,0,0,0,1,1,1,1,1,0
160,87,6629959,12800641,1,,2011-12-21,2011-12-31,f,10,10,,0,220,02062,2011,2001,Ford,Explorer-Sport-Trac,Truck,,0,4300,25000,15,Gasoline,12.26,0.00,0.00,0,0,0,0,0,0,0,0,0,0,0,0,0,0,0,0
148,80,530171,102,1,40453,2009-06-02,2010-12-06,t,552,702,78.63,7.19,0,00000,2010,2003,Kia,Rio,Car,,0,2400,11000,26,Gasoline,22.57,0.32,2.88,0,0,0,0,0,0,1,1,1,1,1,1,0,0,0,0
150,80,5939336,102,1,40453,2009-01-03,2009-04-30,t,117,702,16.67,7.19,0,00000,2009,2003,Kia,Rio,Car,,0,2400,11000,26,Gasoline,23.03,0.31,2.83,0,0,0,0,1,0,0,0,0,0,0,0,0,0,0,0
151,80,5939336,101,1,27045,2007-05-01,2009-01-03,t,613,613,100,21.87,0,00000,2009,2003,Kia,Rio,Car,,0,2400,11000,26,Gasoline,23.03,0.95,8.60,1,1,1,1,0,0,0,0,0,0,0,0,0,0,0,0
154,82,6533052,104,1,33126,2010-09-13,2011-10-11,t,393,393,100,30.04,124,01031,2011,2008,Jeep,Liberty,SUV,,0,4300,26000,18,Gasoline,16.94,1.77,16.06,0,0,0,0,0,0,0,0,0,0,0,1,1,1,1,0
155,84,3517283,105,1,103471,2008-02-01,2010-01-31,t,730,1366,53.44,37.09,35,02131,2010,1997,Jeep,Grand-Cherokee,SUV,,0,3900,29000,16,Gasoline,12.30,3.01,27.30,1,1,1,1,1,1,1,1,0,0,0,0,0,0,0,0
158,87,6629959,109,1,142069,2010-12-22,2011-12-21,t,364,364,100,47.04,220,02062,2011,2001,Ford,Explorer-Sport-Trac,Truck,,0,4300,25000,15,Gasoline,12.26,3.84,34.76,0,0,0,0,0,0,0,0,0,0,0,0,1,1,1,1
159,87,6629959,107,1,118252,2008-11-05,2009-12-02,t,392,392,100,18.2,0,00000,2009,2001,Ford,Explorer-Sport-Trac,Truck,,0,4300,25000,15,Gasoline,12.76,1.43,12.91,0,0,0,1,1,1,1,1,0,0,0,0,0,0,0,0
161,87,6629959,106,1,109483,2008-10-22,2008-11-05,t,14,435,3.22,20.16,220,02062,2008,2001,Ford,Explorer-Sport-Trac,Truck,,0,4300,25000,15,Gasoline,13.02,1.55,14.02,0,0,0,0,0,0,0,0,0,0,0,0,0,0,0,0
162,87,6629959,108,1,125385,2010-10-01,2010-12-22,t,82,385,21.3,43.34,220,02062,2010,2001,Ford,Explorer-Sport-Trac,Truck,,0,4300,25000,15,Gasoline,12.51,3.47,31.38,0,0,0,0,0,0,0,0,0,0,0,1,0,0,0,0
163,87,6629959,108,1,125385,2009-12-02,2010-09-30,t,302,385,78.44,43.34,220,02062,2010,2001,Ford,Explorer-Sport-Trac,Truck,,0,4300,25000,15,Gasoline,12.51,3.47,31.38,0,0,0,0,0,0,0,0,1,1,1,0,0,0,0,0
166,90,3706936,12800642,1,,2011-10-24,2011-12-31,f,68,68,,0,275,01075,2011,2005,Honda,Accord,Car,,0,3100,21000,25,Gasoline,22.15,0.00,0.00,0,0,0,0,0,0,0,0,0,0,0,0,0,0,0,1
169,91,3498232,12800643,1,,2011-11-05,2011-12-31,f,56,56,,0,36,02532,2011,2002,Dodge,Dakota,Truck,,0,4500,25000,14,Gasoline,11.67,0.00,0.00,0,0,0,0,0,0,0,0,0,0,0,0,0,0,0,1
175,93,3289724,12800644,1,,2011-02-22,2011-12-31,f,312,312,,0,351,02673,2011,2001,Chevrolet,S-10,Truck,,0,3200,17000,17,Gasoline,13.89,0.00,0.00,0,0,0,0,0,0,0,0,0,0,0,0,0,1,1,1
179,95,8076326,12800645,1,,2011-06-24,2011-12-31,f,190,190,,0,131,02043,2011,2007,Toyota,Highlander-Hybrid,SUV,,1,4200,36000,27,Gasoline,24.90,0.00,0.00,0,0,0,0,0,0,0,0,0,0,0,0,0,0,1,1
164,90,3706936,112,1,61755,2009-10-31,2010-10-07,t,341,341,100,29.61,275,01075,2010,2005,Honda,Accord,Car,,0,3100,21000,25,Gasoline,22.60,1.31,11.87,0,0,0,0,0,0,0,1,1,1,1,0,0,0,0,0
165,90,3706936,113,1,71852,2010-10-07,2011-10-24,t,382,382,100,34.6,275,01075,2011,2005,Honda,Accord,Car,,0,3100,21000,25,Gasoline,22.15,1.56,14.15,0,0,0,0,0,0,0,0,0,0,0,1,1,1,1,0
167,90,3706936,111,1,46269,2008-11-01,2009-10-31,t,364,385,94.55,40.22,275,01075,2009,2005,Honda,Accord,Car,,0,3100,21000,25,Gasoline,23.06,1.74,15.80,0,0,0,1,1,1,1,0,0,0,0,0,0,0,0,0
168,91,7411141,114,1,107295,2008-01-01,2008-12-31,t,365,1221,29.89,19.82,36,02532,2008,2002,Dodge,Dakota,Truck,,0,4500,25000,14,Gasoline,12.40,1.60,14.47,1,1,1,1,0,0,0,0,0,0,0,0,0,0,0,0
170,91,3498232,114,1,107295,2010-03-10,2010-10-04,t,208,1221,17.04,19.82,36,02532,2010,2002,Dodge,Dakota,Truck,,0,4500,25000,14,Gasoline,11.91,1.66,15.07,0,0,0,0,0,0,0,0,0,1,1,0,0,0,0,0
171,91,3498232,115,1,131490,2010-10-04,2011-11-05,t,397,397,100,8.43,36,02532,2011,2002,Dodge,Dakota,Truck,,0,4500,25000,14,Gasoline,11.67,0.72,6.54,0,0,0,0,0,0,0,0,0,0,0,1,1,1,1,0
172,93,3289724,116,1,56293,2008-05-01,2009-01-07,t,251,377,66.58,10.89,351,02673,2009,2001,Chevrolet,S-10,Truck,,0,3200,17000,17,Gasoline,14.46,0.75,6.82,0,1,1,1,0,0,0,0,0,0,0,0,0,0,0,0
173,93,3289724,118,1,65600,2010-01-05,2011-02-22,t,413,413,100,14.87,351,02673,2011,2001,Chevrolet,S-10,Truck,,0,3200,17000,17,Gasoline,13.89,1.07,9.70,0,0,0,0,0,0,0,0,1,1,1,1,1,0,0,0
174,93,3289724,117,1,60400,2009-01-07,2010-01-05,t,363,363,100,14.33,351,02673,2010,2001,Chevrolet,S-10,Truck,,0,3200,17000,17,Gasoline,14.17,1.01,9.15,0,0,0,0,1,1,1,1,0,0,0,0,0,0,0,0
176,95,8076326,121,1,25277,2009-01-02,2010-06-02,t,516,516,100,25.03,131,02043,2010,2007,Toyota,Highlander-Hybrid,SUV,,1,4200,36000,27,Gasoline,25.41,0.98,8.92,0,0,0,0,1,1,1,1,1,1,0,0,0,0,0,0
177,95,8076326,120,1,11253,2008-06-19,2009-01-02,t,197,197,100,71.19,131,02043,2009,2007,Toyota,Highlander-Hybrid,SUV,,1,4200,36000,27,Gasoline,25.93,2.75,24.86,0,0,1,1,0,0,0,0,0,0,0,0,0,0,0,0
182,96,7773368,12800646,2,,2009-03-23,2011-12-31,f,1013,1013,,0,96,02540,2011,2004,Chevrolet,Silverado-1500,Truck,,0,4200,23000,16,Gasoline,13.89,0.00,0.00,0,0,0,0,0,1,1,1,1,1,1,1,1,1,1,1
187,98,3877732,12800647,1,,2011-09-01,2011-12-31,f,121,121,,0,231,02359,2011,2004,Dodge,Ram-Pickup-1500,Truck,,0,5300,32000,14,Gasoline,12.15,0.00,0.00,0,0,0,0,0,0,0,0,0,0,0,0,0,0,0,1
189,99,4135735,12800648,1,,2011-06-10,2011-09-30,f,112,543,,0,162,01462,2011,2010,Chevrolet,Silverado-2500Hd,Truck,,0,6100,38000,,Gasoline,,,,0,0,0,0,0,0,0,0,0,0,0,0,0,0,1,0
191,101,8319,12800649,1,,2009-08-13,2011-12-31,f,870,870,,0,102,02702,2011,1997,Jeep,Wrangler,Car,,0,3200,20000,15,Gasoline,11.30,0.00,0.00,0,0,0,0,0,0,1,1,1,1,1,1,1,1,1,1
195,102,4175591,12800650,1,,2011-04-21,2011-12-31,f,254,254,,0,2,01720,2011,2005,Ford,Escape,SUV,,0,3400,25000,18,Gasoline,15.95,0.00,0.00,0,0,0,0,0,0,0,0,0,0,0,0,0,1,1,1
180,95,8076326,122,1,38191,2010-06-02,2011-06-24,t,387,387,100,18.88,131,02043,2011,2007,Toyota,Highlander-Hybrid,SUV,,1,4200,36000,27,Gasoline,24.90,0.76,6.86,0,0,0,0,0,0,0,0,0,0,1,1,1,1,0,0
181,96,7773368,123,2,115553,2008-01-01,2008-03-26,t,85,385,22.08,51.33,96,02540,2008,2004,Chevrolet,Silverado-1500,Truck,,0,4200,23000,16,Gasoline,14.76,3.48,31.50,1,0,0,0,0,0,0,0,0,0,0,0,0,0,0,0
183,96,7773368,124,2,135316,2008-03-26,2009-03-23,t,362,362,100,73.71,96,02540,2009,2004,Chevrolet,Silverado-1500,Truck,,0,4200,23000,16,Gasoline,14.46,5.10,46.16,0,1,1,1,1,0,0,0,0,0,0,0,0,0,0,0
184,98,3877732,125,1,60006,2007-08-31,2008-08-25,t,360,360,100,52.59,231,02359,2008,2004,Dodge,Ram-Pickup-1500,Truck,,0,5300,32000,14,Gasoline,12.91,4.07,36.88,1,1,1,0,0,0,0,0,0,0,0,0,0,0,0,0
185,98,3877732,127,1,99303,2009-08-29,2010-08-31,t,367,367,100,44.38,231,02359,2010,2004,Dodge,Ram-Pickup-1500,Truck,,0,5300,32000,14,Gasoline,12.40,3.58,32.41,0,0,0,0,0,0,0,1,1,1,1,0,0,0,0,0
186,98,3877732,126,1,78937,2008-08-25,2009-08-29,t,369,369,100,55.19,231,02359,2009,2004,Dodge,Ram-Pickup-1500,Truck,,0,5300,32000,14,Gasoline,12.65,4.36,39.50,0,0,0,1,1,1,1,0,0,0,0,0,0,0,0,0
188,98,3877732,128,1,115590,2010-08-31,2011-09-01,t,366,366,100,49.41,231,02359,2011,2004,Dodge,Ram-Pickup-1500,Truck,,0,5300,32000,14,Gasoline,12.15,4.07,36.82,0,0,0,0,0,0,0,0,0,0,0,1,1,1,1,0
190,101,8319,130,1,91324,2008-03-01,2009-08-13,t,530,800,66.25,2.25,102,02702,2009,1997,Jeep,Wrangler,Car,,0,3200,20000,15,Gasoline,11.77,0.19,1.73,0,1,1,1,1,1,0,0,0,0,0,0,0,0,0,0
192,102,4175591,133,1,59048,2009-03-10,2010-04-03,t,389,389,100,51.21,2,01720,2010,2005,Ford,Escape,SUV,,0,3400,25000,18,Gasoline,16.27,3.15,28.50,0,0,0,0,0,1,1,1,1,0,0,0,0,0,0,0
193,102,4175591,134,1,78967,2010-04-03,2011-04-21,t,383,383,100,71.71,2,01720,2011,2005,Ford,Escape,SUV,,0,3400,25000,18,Gasoline,15.95,4.50,40.73,0,0,0,0,0,0,0,0,0,1,1,1,1,0,0,0
197,103,2806220,12800651,1,,2011-08-05,2011-12-31,f,148,148,,0,35,02125,2011,2003,Buick,Lesabre,Car,,0,3600,26000,21,Gasoline,17.87,0.00,0.00,0,0,0,0,0,0,0,0,0,0,0,0,0,0,1,1
202,104,2104197,12800652,1,,2009-01-15,2011-12-31,f,1080,1080,,0,0,00000,2011,1982,Porsche,911,Car,,0,2800,29000,15,Gasoline,8.35,0.00,0.00,0,0,0,0,1,1,1,1,1,1,1,1,1,1,1,1
203,104,2104197,11498689,1,,2008-01-01,2008-04-12,f,102,102,,0,0,00000,2008,1982,Porsche,911,Car,,0,2800,29000,15,Gasoline,8.87,0.00,0.00,1,0,0,0,0,0,0,0,0,0,0,0,0,0,0,0
205,106,7740982,12800653,2,,2010-09-30,2011-12-31,f,457,457,,0,92,01929,2011,2007,Jeep,Grand-Cherokee,SUV,,0,4500,30000,17,Gasoline,15.68,0.00,0.00,0,0,0,0,0,0,0,0,0,0,0,1,1,1,1,1
207,109,7191970,12800654,2,,2010-07-02,2011-11-30,f,516,547,,0,16,02720,2011,2002,Ford,E-Series,Van,,0,5600,28000,14,,11.67,0.00,0.00,0,0,0,0,0,0,0,0,0,0,1,1,1,1,1,1
211,112,8168030,12800655,2,,2009-08-14,2010-06-30,f,320,869,,0,329,01085,2010,1998,Intl,,,,0,,,,,,,,0,0,0,0,0,0,1,1,1,1,0,0,0,0,0,0
196,103,2806220,137,1,67433,2009-08-03,2010-08-11,t,373,373,100,5.6,35,02125,2010,2003,Buick,Lesabre,Car,,0,3600,26000,21,Gasoline,18.23,0.31,2.78,0,0,0,0,0,0,1,1,1,1,0,0,0,0,0,0
198,103,2806220,135,1,63611,2007-09-01,2008-08-12,t,346,348,99.43,3.85,0,00000,2008,2003,Buick,Lesabre,Car,,0,3600,26000,21,Gasoline,18.98,0.20,1.84,1,1,0,0,0,0,0,0,0,0,0,0,0,0,0,0
199,103,2806220,138,1,69521,2010-08-11,2011-08-05,t,359,359,100,4.43,35,02125,2011,2003,Buick,Lesabre,Car,,0,3600,26000,21,Gasoline,17.87,0.25,2.24,0,0,0,0,0,0,0,0,0,0,1,1,1,1,0,0
200,103,2806220,136,1,64952,2008-08-12,2009-08-03,t,356,356,100,6.97,35,02125,2009,2003,Buick,Lesabre,Car,,0,3600,26000,21,Gasoline,18.60,0.37,3.39,0,0,1,1,1,1,0,0,0,0,0,0,0,0,0,0
201,104,2104197,139,1,167416,2008-04-12,2009-01-15,t,278,278,100,29.06,0,00000,2009,1982,Porsche,911,Car,,0,2800,29000,15,Gasoline,8.69,3.34,30.27,0,1,1,1,0,0,0,0,0,0,0,0,0,0,0,0
204,106,7740982,140,2,27463,2008-07-24,2009-08-15,t,387,387,100,22.66,92,01929,2009,2007,Jeep,Grand-Cherokee,SUV,,0,4500,30000,17,Gasoline,16.33,1.39,12.57,0,0,1,1,1,1,1,0,0,0,0,0,0,0,0,0
206,106,7740982,141,2,36232,2009-08-15,2010-09-30,t,411,411,100,143.13,92,01929,2010,2007,Jeep,Grand-Cherokee,SUV,,0,4500,30000,17,Gasoline,16.00,8.95,81.01,0,0,0,0,0,0,1,1,1,1,1,0,0,0,0,0
208,109,7191970,144,2,289152,2009-07-17,2010-07-02,t,350,350,100,69.44,16,02720,2010,2002,Ford,E-Series,Van,,0,5600,28000,14,,11.91,5.83,52.79,0,0,0,0,0,0,1,1,1,1,0,0,0,0,0,0
209,109,7191970,142,2,237977,2007-12-01,2008-07-22,t,234,385,60.78,57.21,16,02720,2008,2002,Ford,E-Series,Van,,0,5600,28000,14,,12.40,4.61,41.78,1,1,0,0,0,0,0,0,0,0,0,0,0,0,0,0
210,109,7191970,143,2,260003,2008-07-22,2009-07-17,t,360,360,100,80.97,16,02720,2009,2002,Ford,E-Series,Van,,0,5600,28000,14,,12.15,6.66,60.33,0,0,1,1,1,1,0,0,0,0,0,0,0,0,0,0
215,113,1616562,12800656,1,,2010-10-29,2011-12-31,f,428,428,,0,243,02170,2011,2005,Toyota,Camry,Car,,0,3200,21000,25,Gasoline,22.15,0.00,0.00,0,0,0,0,0,0,0,0,0,0,0,1,1,1,1,1
219,114,7004168,12800657,1,,2008-05-06,2010-03-31,f,694,1334,,0,0,00000,2010,1997,Pontiac,Trans-Sport,Van,,0,3700,21000,19,Gasoline,14.61,0.00,0.00,0,1,1,1,1,1,1,1,1,0,0,0,0,0,0,0
222,115,5774228,12800658,1,,2011-09-30,2011-12-31,f,92,92,,0,347,01801,2011,1999,Mercury,Grand-Marquis,Car,,0,3900,25000,18,Gasoline,14.12,0.00,0.00,0,0,0,0,0,0,0,0,0,0,0,0,0,0,0,1
228,116,1434274,12800659,2,,2011-10-17,2011-12-31,f,75,75,,0,209,01247,2011,2007,Toyota,Sienna,Van,,0,4200,26000,20,Gasoline,18.45,0.00,0.00,0,0,0,0,0,0,0,0,0,0,0,0,0,0,0,1
214,113,1616562,147,1,42482,2008-09-01,2008-10-18,t,47,354,13.28,30.13,243,02170,2008,2005,Toyota,Camry,Car,,0,3200,21000,25,Gasoline,23.53,1.28,11.60,0,0,0,0,0,0,0,0,0,0,0,0,0,0,0,0
216,113,1616562,149,1,66439,2009-10-10,2010-10-29,t,384,384,100,34.46,243,02170,2010,2005,Toyota,Camry,Car,,0,3200,21000,25,Gasoline,22.60,1.52,13.81,0,0,0,0,0,0,0,1,1,1,1,0,0,0,0,0
217,113,1616562,148,1,53148,2008-10-18,2009-10-10,t,357,357,100,37.23,243,02170,2009,2005,Toyota,Camry,Car,,0,3200,21000,25,Gasoline,23.06,1.61,14.62,0,0,0,1,1,1,1,0,0,0,0,0,0,0,0,0
218,114,7004168,150,1,85348,2008-04-01,2008-05-06,t,35,397,8.82,14.81,264,02066,2008,1997,Pontiac,Trans-Sport,Van,,0,3700,21000,19,Gasoline,15.21,0.97,8.81,0,0,0,0,0,0,0,0,0,0,0,0,0,0,0,0
220,115,5774228,153,1,106308,2011-03-01,2011-09-30,t,213,366,58.2,23.75,347,01801,2011,1999,Mercury,Grand-Marquis,Car,,0,3900,25000,18,Gasoline,14.12,1.68,15.23,0,0,0,0,0,0,0,0,0,0,0,0,0,1,1,0
221,115,7708903,151,1,87403,2007-10-19,2009-05-31,t,590,684,86.26,13.9,176,02155,2009,1999,Mercury,Grand-Marquis,Car,,0,3900,25000,18,Gasoline,14.71,0.95,8.56,1,1,1,1,1,1,0,0,0,0,0,0,0,0,0,0
223,116,1434274,158,2,17520,2009-10-30,2010-03-22,t,143,143,100,16.87,209,01247,2010,2007,Toyota,Sienna,Van,,0,4200,26000,20,Gasoline,18.82,0.90,8.12,0,0,0,0,0,0,0,1,1,0,0,0,0,0,0,0
224,116,1434274,159,2,19933,2010-03-22,2010-10-25,t,217,217,100,15.11,209,01247,2010,2007,Toyota,Sienna,Van,,0,4200,26000,20,Gasoline,18.82,0.80,7.27,0,0,0,0,0,0,0,0,0,1,1,0,0,0,0,0
225,116,1434274,156,2,13995,2009-01-25,2009-10-30,t,278,278,100,12.68,209,01247,2009,2007,Toyota,Sienna,Van,,0,4200,26000,20,Gasoline,19.21,0.66,5.98,0,0,0,0,1,1,1,0,0,0,0,0,0,0,0,0
226,116,1434274,160,2,23211,2010-10-25,2010-10-25,t,0,0,0,0,209,01247,2010,2007,Toyota,Sienna,Van,,0,4200,26000,20,Gasoline,18.82,0.00,0.00,0,0,0,0,0,0,0,0,0,0,0,0,0,0,0,0
227,116,1434274,154,2,238,2007-08-06,2008-10-03,t,424,424,100,23.35,209,01247,2008,2007,Toyota,Sienna,Van,,0,4200,26000,20,Gasoline,19.60,1.19,10.79,1,1,1,0,0,0,0,0,0,0,0,0,0,0,0,0
229,116,1434274,155,2,10139,2008-10-03,2009-01-25,t,114,114,100,33.82,209,01247,2009,2007,Toyota,Sienna,Van,,0,4200,26000,20,Gasoline,19.21,1.76,15.95,0,0,0,1,0,0,0,0,0,0,0,0,0,0,0,0
233,119,1955068,12800660,1,,2011-11-12,2011-12-31,f,49,49,,0,122,02339,2011,2007,Infiniti,M35,Car,,0,3900,44000,19,Gasoline,17.52,0.00,0.00,0,0,0,0,0,0,0,0,0,0,0,0,0,0,0,1
239,120,8250921,12800661,1,,2011-05-06,2011-12-31,f,239,239,,0,285,02072,2011,2009,Honda,Accord,Car,,0,3600,30000,22,Gasoline,21.13,0.00,0.00,0,0,0,0,0,0,0,0,0,0,0,0,0,1,1,1
242,121,1697073,12800662,1,,2011-06-06,2011-12-31,f,208,208,,0,52,02330,2011,2000,Toyota,Camry,Car,,0,3100,21000,23,Gasoline,18.42,0.00,0.00,0,0,0,0,0,0,0,0,0,0,0,0,0,0,1,1
243,123,3933002,12800663,1,,2010-12-18,2011-12-31,f,378,378,,0,181,01844,2011,2003,Chrysler,Pt-Cruiser,Car,,0,3100,22000,21,Gasoline,17.87,0.00,0.00,0,0,0,0,0,0,0,0,0,0,0,0,1,1,1,1
230,116,1434274,161,2,23211,2010-10-25,2011-04-18,t,175,175,100,12.53,209,01247,2011,2007,Toyota,Sienna,Van,,0,4200,26000,20,Gasoline,18.45,0.68,6.15,0,0,0,0,0,0,0,0,0,0,0,1,1,0,0,0
231,116,1434274,157,2,17520,2009-10-30,2009-10-30,t,0,0,0,0,209,01247,2009,2007,Toyota,Sienna,Van,,0,4200,26000,20,Gasoline,19.21,0.00,0.00,0,0,0,0,0,0,0,0,0,0,0,0,0,0,0,0
232,116,1434274,162,2,25403,2011-04-18,2011-10-17,t,182,182,100,14.48,209,01247,2011,2007,Toyota,Sienna,Van,,0,4200,26000,20,Gasoline,18.45,0.79,7.11,0,0,0,0,0,0,0,0,0,0,0,0,0,1,1,0
234,119,1955068,164,1,6889,2009-06-26,2010-06-21,t,360,360,100,17.78,122,02339,2010,2007,Infiniti,M35,Car,,0,3900,44000,19,Gasoline,17.88,0.99,9.00,0,0,0,0,0,0,1,1,1,1,0,0,0,0,0,0
235,119,1955068,163,1,83,2008-05-22,2009-06-26,t,400,400,100,17.02,0,00000,2009,2007,Infiniti,M35,Car,,0,3900,44000,19,Gasoline,18.25,0.93,8.44,0,0,1,1,1,1,0,0,0,0,0,0,0,0,0,0
236,119,1955068,165,1,13289,2010-06-21,2011-11-12,t,509,509,100,30.25,122,02339,2011,2007,Infiniti,M35,Car,,0,3900,44000,19,Gasoline,17.52,1.73,15.63,0,0,0,0,0,0,0,0,0,0,1,1,1,1,1,0
237,120,8250921,167,1,20708,2010-05-27,2011-05-06,t,344,344,100,64.72,285,02072,2011,2009,Honda,Accord,Car,,0,3600,30000,22,Gasoline,21.13,3.06,27.74,0,0,0,0,0,0,0,0,0,0,1,1,1,0,0,0
238,120,8250921,166,1,108,2009-10-01,2010-05-27,t,238,358,66.48,57.54,285,02072,2010,2009,Honda,Accord,Car,,0,3600,30000,22,Gasoline,21.56,2.67,24.17,0,0,0,0,0,0,0,1,1,1,0,0,0,0,0,0
240,121,7310967,168,1,81024,2007-06-13,2009-01-31,t,598,730,81.92,33.13,52,02330,2009,2000,Toyota,Camry,Car,,0,3100,21000,23,Gasoline,19.18,1.73,15.65,1,1,1,1,0,0,0,0,0,0,0,0,0,0,0,0
241,121,1697073,170,1,114949,2010-11-01,2011-06-06,t,217,348,62.36,26.54,52,02330,2011,2000,Toyota,Camry,Car,,0,3100,21000,23,Gasoline,18.42,1.44,13.05,0,0,0,0,0,0,0,0,0,0,0,1,1,1,0,0
244,123,3933002,172,1,93256,2008-11-03,2009-11-25,t,387,387,100,33.72,181,01844,2009,2003,Chrysler,Pt-Cruiser,Car,,0,3100,22000,21,Gasoline,18.60,1.81,16.41,0,0,0,1,1,1,1,1,0,0,0,0,0,0,0,0
245,123,3933002,173,1,106304,2009-11-25,2010-12-18,t,388,388,100,26.06,181,01844,2010,2003,Chrysler,Pt-Cruiser,Car,,0,3100,22000,21,Gasoline,18.23,1.43,12.95,0,0,0,0,0,0,0,0,1,1,1,1,0,0,0,0
247,125,2502135,12800664,1,,2011-09-01,2011-12-31,f,121,271,,0,177,02053,2011,2003,Jeep,Liberty,SUV,,0,3900,23000,17,Gasoline,14.46,0.00,0.00,0,0,0,0,0,0,0,0,0,0,0,0,0,0,0,1
251,125,2502135,12800664,1,,2011-04-04,2011-08-31,f,149,271,,0,187,02054,2011,2003,Jeep,Liberty,SUV,,0,3900,23000,17,Gasoline,14.46,0.00,0.00,0,0,0,0,0,0,0,0,0,0,0,0,0,1,1,0
253,126,2912891,12800665,1,,2011-07-22,2011-12-31,f,162,162,,0,229,01960,2011,2004,Cadillac,Cts,Car,,0,3500,31000,20,Gasoline,17.36,0.00,0.00,0,0,0,0,0,0,0,0,0,0,0,0,0,0,1,1
258,128,1606387,12800666,1,,2010-06-01,2011-12-31,f,578,1090,,0,17,01501,2011,1996,Buick,Regal,Car,,0,3300,21000,21,Gasoline,15.51,0.00,0.00,0,0,0,0,0,0,0,0,0,0,1,1,1,1,1,1
260,128,1584219,12800666,1,,2009-01-05,2010-05-31,f,511,1090,,0,17,01501,2010,1996,Buick,Regal,Car,,0,3300,21000,21,Gasoline,15.83,0.00,0.00,0,0,0,0,1,1,1,1,1,1,0,0,0,0,0,0
246,123,3933002,171,1,72455,2007-08-03,2008-11-03,t,458,458,100,45.42,181,01844,2008,2003,Chrysler,Pt-Cruiser,Car,,0,3100,22000,21,Gasoline,18.98,2.39,21.67,1,1,1,0,0,0,0,0,0,0,0,0,0,0,0,0
248,125,2502135,175,1,63646,2008-03-31,2009-03-28,t,362,362,100,34.52,187,02054,2009,2003,Jeep,Liberty,SUV,,0,3900,23000,17,Gasoline,15.06,2.29,20.76,0,1,1,1,1,0,0,0,0,0,0,0,0,0,0,0
249,125,2502135,177,1,91059,2010-03-31,2011-04-04,t,369,369,100,43.54,187,02054,2011,2003,Jeep,Liberty,SUV,,0,3900,23000,17,Gasoline,14.46,3.01,27.26,0,0,0,0,0,0,0,0,0,1,1,1,1,0,0,0
250,125,2502135,176,1,76143,2009-03-28,2010-03-31,t,368,368,100,40.53,187,02054,2010,2003,Jeep,Liberty,SUV,,0,3900,23000,17,Gasoline,14.76,2.75,24.87,0,0,0,0,0,1,1,1,1,0,0,0,0,0,0,0
252,125,2502135,174,1,50473,2007-09-01,2008-03-31,t,212,372,56.99,35.41,187,02054,2008,2003,Jeep,Liberty,SUV,,0,3900,23000,17,Gasoline,15.37,2.30,20.87,1,0,0,0,0,0,0,0,0,0,0,0,0,0,0,0
254,126,2912891,179,1,50090,2008-07-07,2009-07-22,t,380,380,100,29.74,229,01960,2009,2004,Cadillac,Cts,Car,,0,3500,31000,20,Gasoline,18.08,1.65,14.90,0,0,1,1,1,1,0,0,0,0,0,0,0,0,0,0
255,126,2912891,180,1,61392,2009-07-22,2010-07-26,t,369,369,100,17.32,229,01960,2010,2004,Cadillac,Cts,Car,,0,3500,31000,20,Gasoline,17.72,0.98,8.85,0,0,0,0,0,0,1,1,1,1,0,0,0,0,0,0
256,126,2912891,178,1,38750,2007-07-11,2008-07-07,t,362,362,100,31.33,229,01960,2008,2004,Cadillac,Cts,Car,,0,3500,31000,20,Gasoline,18.45,1.70,15.38,1,1,0,0,0,0,0,0,0,0,0,0,0,0,0,0
257,126,2912891,181,1,67784,2010-07-26,2011-07-22,t,361,361,100,1.12,229,01960,2011,2004,Cadillac,Cts,Car,,0,3500,31000,20,Gasoline,17.36,0.06,0.59,0,0,0,0,0,0,0,0,0,0,1,1,1,1,0,0
259,128,1584219,182,1,102401,2008-06-01,2009-01-05,t,218,626,34.82,21.25,17,01501,2009,1996,Buick,Regal,Car,,0,3300,21000,21,Gasoline,16.15,1.32,11.91,0,0,1,1,0,0,0,0,0,0,0,0,0,0,0,0
261,132,602053,185,1,48552,2010-04-01,2011-05-02,t,396,396,100,22.69,236,01201,2011,2004,Ford,Explorer,SUV,,0,4500,33000,16,Gasoline,13.89,1.63,14.79,0,0,0,0,0,0,0,0,0,1,1,1,1,0,0,0
263,132,602053,11498693,1,,2008-03-18,2008-03-19,f,1,78,,0,236,01201,2008,2004,Ford,Explorer,SUV,,0,4500,33000,16,Gasoline,14.76,0.00,0.00,0,0,0,0,0,0,0,0,0,0,0,0,0,0,0,0
265,132,602053,12800667,1,,2011-05-02,2011-12-31,f,243,243,,0,236,01201,2011,2004,Ford,Explorer,SUV,,0,4500,33000,16,Gasoline,13.89,0.00,0.00,0,0,0,0,0,0,0,0,0,0,0,0,0,1,1,1
266,133,2209246,12800668,1,,2010-11-19,2011-12-31,f,407,759,,0,167,02048,2011,2011,Audi,A4,Car,,0,3600,37000,25,Gasoline,25.00,0.00,0.00,0,0,0,0,0,0,0,0,0,0,0,0,1,1,1,1
268,134,2773776,12800669,1,,2010-06-14,2011-12-31,f,565,589,,0,48,01803,2011,2009,Nissan,Altima,Car,,0,3200,22000,26,Gasoline,24.97,0.00,0.00,0,0,0,0,0,0,0,0,0,0,1,1,1,1,1,1
270,134,2344898,12800669,2,,2010-05-21,2010-05-31,f,10,589,,0,56,01821,2010,2009,Nissan,Altima,Car,,0,3200,22000,26,Gasoline,25.48,0.00,0.00,0,0,0,0,0,0,0,0,0,0,0,0,0,0,0,0
272,136,2941418,12800670,1,,2010-07-16,2011-12-31,f,533,533,,0,67,01742,2011,1994,Toyota,Tercel,Car,,0,2000,11000,26,Gasoline,18.44,0.00,0.00,0,0,0,0,0,0,0,0,0,0,1,1,1,1,1,1
276,138,247008,12800671,1,,2008-06-02,2011-03-31,f,1032,1307,,0,44,02302,2011,1997,Dodge,Caravan,Van,,0,3500,18000,18,Gasoline,13.57,0.00,0.00,0,0,1,1,1,1,1,1,1,1,1,1,1,0,0,0
3715,1812,8365146,12801634,1,,2011-06-18,2011-12-31,f,196,196,,0,0,00000,2011,2003,Honda,Cbr900Rr,,1,0,,,,,,,,0,0,0,0,0,0,0,0,0,0,0,0,0,0,1,1
262,132,602053,183,1,34725,2008-03-19,2009-01-31,t,318,318,100,29.26,236,01201,2009,2004,Ford,Explorer,SUV,,0,4500,33000,16,Gasoline,14.46,2.02,18.32,0,1,1,1,0,0,0,0,0,0,0,0,0,0,0,0
264,132,602053,184,1,44029,2009-01-31,2010-04-01,t,425,425,100,10.64,236,01201,2010,2004,Ford,Explorer,SUV,,0,4500,33000,16,Gasoline,14.17,0.75,6.80,0,0,0,0,1,1,1,1,1,0,0,0,0,0,0,0
267,134,2344898,187,2,72315,2008-09-03,2009-05-26,t,265,369,71.82,20.75,56,01821,2009,2009,Nissan,Altima,Car,,0,3200,22000,26,Gasoline,26.00,0.80,7.23,0,0,0,1,1,1,0,0,0,0,0,0,0,0,0,0
269,134,2344898,188,2,79972,2009-05-26,2010-05-21,t,360,360,100,23.87,56,01821,2010,2009,Nissan,Altima,Car,,0,3200,22000,26,Gasoline,25.48,0.94,8.48,0,0,0,0,0,0,1,1,1,1,0,0,0,0,0,0
271,136,3031855,190,1,56040,2009-01-15,2009-08-31,t,228,547,41.68,4.39,67,01742,2009,1994,Toyota,Tercel,Car,,0,2000,11000,26,Gasoline,19.20,0.23,2.07,0,0,0,0,1,1,1,0,0,0,0,0,0,0,0,0
273,136,2941418,190,1,56040,2009-09-01,2010-07-16,t,318,547,58.14,4.39,67,01742,2010,1994,Toyota,Tercel,Car,,0,2000,11000,26,Gasoline,18.82,0.23,2.11,0,0,0,0,0,0,0,1,1,1,0,0,0,0,0,0
274,136,3031855,189,1,50610,2007-09-01,2009-01-15,t,502,554,90.61,9.8,67,01742,2009,1994,Toyota,Tercel,Car,,0,2000,11000,26,Gasoline,19.20,0.51,4.62,1,1,1,1,0,0,0,0,0,0,0,0,0,0,0,0
275,138,247008,191,1,163002,2007-05-19,2008-06-02,t,380,380,100,37.24,44,02302,2008,1997,Dodge,Caravan,Van,,0,3500,18000,18,Gasoline,14.41,2.58,23.40,1,1,0,0,0,0,0,0,0,0,0,0,0,0,0,0
279,139,7134658,12800672,1,,2011-01-24,2011-12-31,f,341,341,,0,35,02124,2011,1998,Dodge,Grand-Caravan,Van,,0,3800,23000,18,Gasoline,13.84,0.00,0.00,0,0,0,0,0,0,0,0,0,0,0,0,1,1,1,1
281,140,2159948,12800673,1,,2010-09-01,2011-12-31,f,486,683,,0,201,02745,2011,2000,Ford,F-150,Truck,,0,4000,18000,16,Gasoline,12.81,0.00,0.00,0,0,0,0,0,0,0,0,0,0,0,1,1,1,1,1
282,145,8259416,12800674,1,,2011-02-01,2011-12-31,f,333,995,,0,0,00000,2011,2009,Volkswagen,Jetta,Car,,0,3200,23000,34,Diesel,32.65,0.00,0.00,0,0,0,0,0,0,0,0,0,0,0,0,1,1,1,1
283,146,1574088,12800675,1,,2011-04-26,2011-12-31,f,249,249,,0,102,02717,2011,2006,Chrysler,300,Car,,0,4300,36000,18,Gasoline,16.27,0.00,0.00,0,0,0,0,0,0,0,0,0,0,0,0,0,1,1,1
288,149,3310277,12800676,1,,2011-01-16,2011-12-31,f,349,349,,0,279,01077,2011,2007,Dodge,Grand-Caravan,Van,,0,4200,24000,20,Gasoline,18.45,0.00,0.00,0,0,0,0,0,0,0,0,0,0,0,0,1,1,1,1
290,149,3310277,11498697,1,,2008-01-08,2008-01-15,f,7,14,,0,279,01077,2008,2007,Dodge,Grand-Caravan,Van,,0,4200,24000,20,Gasoline,19.60,0.00,0.00,0,0,0,0,0,0,0,0,0,0,0,0,0,0,0,0
291,151,6761537,12800677,1,,2009-09-21,2011-12-31,f,831,831,,0,344,01890,2011,1995,Mercury,Sable,Car,,0,3100,21000,22,Gasoline,15.92,0.00,0.00,0,0,0,0,0,0,0,1,1,1,1,1,1,1,1,1
278,139,7330666,192,1,112919,2007-10-06,2009-09-30,t,725,1794,40.41,37.51,293,02780,2009,1998,Dodge,Grand-Caravan,Van,,0,3800,23000,18,Gasoline,14.41,2.60,23.57,1,1,1,1,1,1,1,0,0,0,0,0,0,0,0,0
280,140,7413007,193,2,114886,2008-01-01,2008-12-31,t,365,700,52.14,30.07,285,01701,2008,2000,Ford,F-150,Truck,,0,4000,18000,16,Gasoline,13.61,2.21,20.01,1,1,1,1,0,0,0,0,0,0,0,0,0,0,0,0
284,146,8151165,196,1,35724,2007-06-01,2009-05-31,t,730,1587,46,61.23,146,02347,2009,2006,Chrysler,300,Car,,0,4300,36000,18,Gasoline,16.94,3.61,32.73,1,1,1,1,1,1,0,0,0,0,0,0,0,0,0,0
285,146,1574088,196,1,35724,2011-03-02,2011-04-26,t,55,1587,3.47,61.23,102,02717,2011,2006,Chrysler,300,Car,,0,4300,36000,18,Gasoline,16.27,3.76,34.08,0,0,0,0,0,0,0,0,0,0,0,0,0,0,0,0
286,149,3310277,197,1,30863,2008-01-15,2009-01-04,t,355,355,100,30.92,279,01077,2009,2007,Dodge,Grand-Caravan,Van,,0,4200,24000,20,Gasoline,19.21,1.61,14.58,1,1,1,1,0,0,0,0,0,0,0,0,0,0,0,0
287,149,3310277,199,1,52206,2010-01-03,2011-01-16,t,378,378,100,32.76,279,01077,2011,2007,Dodge,Grand-Caravan,Van,,0,4200,24000,20,Gasoline,18.45,1.78,16.08,0,0,0,0,0,0,0,0,1,1,1,1,0,0,0,0
289,149,3310277,198,1,41839,2009-01-04,2010-01-03,t,364,364,100,28.48,279,01077,2010,2007,Dodge,Grand-Caravan,Van,,0,4200,24000,20,Gasoline,18.82,1.51,13.70,0,0,0,0,1,1,1,1,0,0,0,0,0,0,0,0
292,151,6761537,200,1,67975,2008-07-30,2008-09-29,t,61,383,15.93,22.22,344,01890,2008,1995,Mercury,Sable,Car,,0,3100,21000,22,Gasoline,16.92,1.31,11.89,0,0,1,0,0,0,0,0,0,0,0,0,0,0,0,0
293,151,6761537,201,1,76484,2008-09-29,2009-09-21,t,357,357,100,34.02,344,01890,2009,1995,Mercury,Sable,Car,,0,3100,21000,22,Gasoline,16.58,2.05,18.58,0,0,0,1,1,1,1,0,0,0,0,0,0,0,0,0
295,152,5904887,12800678,1,,2011-11-28,2011-12-31,f,33,33,,0,125,01451,2011,2003,Hyundai,Sonata,Car,,0,3200,19000,21,Gasoline,17.87,0.00,0.00,0,0,0,0,0,0,0,0,0,0,0,0,0,0,0,0
301,153,6408040,12800679,1,,2011-09-01,2011-12-31,f,121,121,,0,201,02740,2011,2009,Volkswagen,Routan,Van,,0,4600,35000,20,Gasoline,19.21,0.00,0.00,0,0,0,0,0,0,0,0,0,0,0,0,0,0,0,1
303,155,7963823,12800680,2,,2011-03-15,2011-12-31,f,291,291,,0,216,02451,2011,2006,Chevrolet,Uplander,,,0,3900,25000,19,Gasoline,17.17,0.00,0.00,0,0,0,0,0,0,0,0,0,0,0,0,0,1,1,1
304,157,2278816,12800681,1,,2011-10-01,2011-12-31,f,91,91,,0,348,01603,2011,2003,Toyota,Camry,Car,,0,3300,24000,21,Gasoline,17.87,0.00,0.00,0,0,0,0,0,0,0,0,0,0,0,0,0,0,0,1
294,152,5904887,203,1,125603,2009-08-10,2010-10-06,t,422,422,100,23.23,125,01451,2010,2003,Hyundai,Sonata,Car,,0,3200,19000,21,Gasoline,18.23,1.27,11.54,0,0,0,0,0,0,1,1,1,1,1,0,0,0,0,0
296,152,5904887,204,1,135406,2010-10-06,2011-11-28,t,418,418,100,21.43,125,01451,2011,2003,Hyundai,Sonata,Car,,0,3200,19000,21,Gasoline,17.87,1.20,10.86,0,0,0,0,0,0,0,0,0,0,0,1,1,1,1,1
297,152,737086,202,1,89813,2007-09-21,2009-01-31,t,498,689,72.28,51.94,0,00000,2009,2003,Hyundai,Sonata,Car,,0,3200,19000,21,Gasoline,18.60,2.79,25.29,1,1,1,1,0,0,0,0,0,0,0,0,0,0,0,0
298,152,5904887,202,1,89813,2009-08-05,2009-08-10,t,5,689,0.73,51.94,125,01451,2009,2003,Hyundai,Sonata,Car,,0,3200,19000,21,Gasoline,18.60,2.79,25.29,0,0,0,0,0,0,0,0,0,0,0,0,0,0,0,0
299,153,6408040,206,1,421,2010-06-01,2010-08-31,t,91,384,23.7,23.03,201,02740,2010,2009,Volkswagen,Routan,Van,,0,4600,35000,20,Gasoline,19.60,1.17,10.64,0,0,0,0,0,0,0,0,0,0,1,0,0,0,0,0
300,153,6408040,207,1,9263,2010-08-31,2011-09-01,t,366,366,100,18.71,201,02740,2011,2009,Volkswagen,Routan,Van,,0,4600,35000,20,Gasoline,19.21,0.97,8.82,0,0,0,0,0,0,0,0,0,0,0,1,1,1,1,0
302,155,7963823,208,2,33569,2011-01-01,2011-03-15,t,73,861,8.48,37.32,216,02451,2011,2006,Chevrolet,Uplander,,,0,3900,25000,19,Gasoline,17.17,2.17,19.68,0,0,0,0,0,0,0,0,0,0,0,0,1,0,0,0
305,157,2278816,210,1,77331,2008-09-02,2009-09-17,t,380,380,100,53.58,348,01603,2009,2003,Toyota,Camry,Car,,0,3300,24000,21,Gasoline,18.60,2.88,26.08,0,0,0,1,1,1,1,0,0,0,0,0,0,0,0,0
306,157,2278816,212,1,117850,2010-09-27,2011-10-01,t,369,369,100,50.27,348,01603,2011,2003,Toyota,Camry,Car,,0,3300,24000,21,Gasoline,17.87,2.81,25.48,0,0,0,0,0,0,0,0,0,0,0,1,1,1,1,0
307,157,2278816,211,1,97691,2009-09-17,2010-09-27,t,375,375,100,53.76,348,01603,2010,2003,Toyota,Camry,Car,,0,3300,24000,21,Gasoline,18.23,2.95,26.70,0,0,0,0,0,0,0,1,1,1,1,0,0,0,0,0
308,157,2278816,209,1,56101,2007-08-20,2008-09-02,t,379,379,100,56.02,348,01603,2008,2003,Toyota,Camry,Car,,0,3300,24000,21,Gasoline,18.98,2.95,26.72,1,1,1,0,0,0,0,0,0,0,0,0,0,0,0,0
311,159,5044146,12800682,1,,2011-08-29,2011-12-31,f,124,124,,0,35,02120,2011,2000,Hyundai,Elantra,Car,,0,2700,13000,23,Gasoline,18.42,0.00,0.00,0,0,0,0,0,0,0,0,0,0,0,0,0,0,0,1
316,161,3851232,12800684,1,,2010-10-29,2011-12-31,f,428,509,,0,213,01864,2011,2005,Dodge,Stratus,Car,,0,3200,21000,23,Gasoline,20.37,0.00,0.00,0,0,0,0,0,0,0,0,0,0,0,1,1,1,1,1
320,163,2128343,12800685,1,,2011-06-06,2011-12-31,f,208,208,,0,178,02176,2011,2002,Honda,Civic,Car,,0,2500,16000,29,Gasoline,24.18,0.00,0.00,0,0,0,0,0,0,0,0,0,0,0,0,0,0,1,1
323,164,3837661,12800686,1,,2011-01-19,2011-12-31,f,346,346,,0,160,01851,2011,2007,Hyundai,Elantra,Car,,0,2700,17000,28,Gasoline,25.83,0.00,0.00,0,0,0,0,0,0,0,0,0,0,0,0,1,1,1,1
310,159,3122608,213,1,109260,2007-11-05,2009-10-31,t,726,1011,71.81,30.76,0,00000,2009,2000,Hyundai,Elantra,Car,,0,2700,13000,23,Gasoline,19.18,1.60,14.52,1,1,1,1,1,1,1,0,0,0,0,0,0,0,0,0
312,159,5044146,214,1,140354,2010-08-12,2011-08-29,t,382,382,100,41.84,35,02120,2011,2000,Hyundai,Elantra,Car,,0,2700,13000,23,Gasoline,18.42,2.27,20.57,0,0,0,0,0,0,0,0,0,0,1,1,1,1,1,0
313,161,3384008,219,1,84512,2008-08-08,2009-08-20,t,377,377,100,41.07,314,01821,2009,2005,Dodge,Stratus,Car,,0,3200,21000,23,Gasoline,21.21,1.94,17.53,0,0,1,1,1,1,1,0,0,0,0,0,0,0,0,0
314,161,3384008,220,1,99994,2009-08-20,2009-08-31,t,11,354,3.11,44.82,314,01821,2009,2005,Dodge,Stratus,Car,,0,3200,21000,23,Gasoline,21.21,2.11,19.13,0,0,0,0,0,0,0,0,0,0,0,0,0,0,0,0
315,161,3384008,218,1,33760,2007-09-27,2008-08-08,t,316,546,57.88,92.95,314,01821,2008,2005,Dodge,Stratus,Car,,0,3200,21000,23,Gasoline,21.65,4.29,38.89,1,1,0,0,0,0,0,0,0,0,0,0,0,0,0,0
317,163,2128343,223,1,76711,2009-05-22,2010-05-12,t,355,355,100,32.53,178,02176,2010,2002,Honda,Civic,Car,,0,2500,16000,29,Gasoline,24.67,1.32,11.94,0,0,0,0,0,0,1,1,1,0,0,0,0,0,0,0
318,163,2128343,222,1,63838,2008-05-10,2009-03-31,t,325,377,86.21,34.15,35,02113,2009,2002,Honda,Civic,Car,,0,2500,16000,29,Gasoline,25.18,1.36,12.28,0,1,1,1,1,0,0,0,0,0,0,0,0,0,0,0
319,163,2128343,222,1,63838,2009-04-01,2009-05-22,t,51,377,13.53,34.15,178,02176,2009,2002,Honda,Civic,Car,,0,2500,16000,29,Gasoline,25.18,1.36,12.28,0,0,0,0,0,1,0,0,0,0,0,0,0,0,0,0
321,163,2128343,221,1,52331,2007-04-28,2008-05-10,t,378,378,100,30.44,35,02113,2008,2002,Honda,Civic,Car,,0,2500,16000,29,Gasoline,25.69,1.18,10.73,1,0,0,0,0,0,0,0,0,0,0,0,0,0,0,0
322,163,2128343,224,1,88259,2010-05-12,2011-06-06,t,390,390,100,39.12,178,02176,2011,2002,Honda,Civic,Car,,0,2500,16000,29,Gasoline,24.18,1.62,14.65,0,0,0,0,0,0,0,0,0,1,1,1,1,1,0,0
324,164,3837661,226,1,18853,2008-04-02,2009-06-09,t,433,433,100,50.59,160,01851,2009,2007,Hyundai,Elantra,Car,,0,2700,17000,28,Gasoline,26.89,1.88,17.04,0,1,1,1,1,1,0,0,0,0,0,0,0,0,0,0
325,164,3837661,227,1,40759,2009-06-09,2011-01-19,t,589,589,100,46.42,160,01851,2011,2007,Hyundai,Elantra,Car,,0,2700,17000,28,Gasoline,25.83,1.80,16.28,0,0,0,0,0,0,1,1,1,1,1,1,0,0,0,0
328,165,2478968,12800687,1,,2011-04-06,2011-12-31,f,269,269,,0,209,01247,2011,2009,Honda,Civic,Car,,0,2800,18000,29,Gasoline,27.85,0.00,0.00,0,0,0,0,0,0,0,0,0,0,0,0,0,1,1,1
329,166,5659562,12800688,1,,2011-04-07,2011-12-31,f,268,268,,0,75,02660,2011,1999,Toyota,Rav4,SUV,,0,2900,19000,21,Gasoline,16.48,0.00,0.00,0,0,0,0,0,0,0,0,0,0,0,0,0,1,1,1
332,167,6691920,12800689,1,,2011-03-01,2011-12-31,f,305,547,,0,262,01906,2011,2007,Chevrolet,Avalanche,Truck,,0,5900,37000,15,Flexfuel,13.84,0.00,0.00,0,0,0,0,0,0,0,0,0,0,0,0,0,1,1,1
333,170,7886188,12800690,2,,2011-01-01,2011-12-31,f,364,648,,0,102,02702,2011,1987,,,,,,,,,,,,,0,0,0,0,0,0,0,0,0,0,0,0,1,1,1,1
338,173,4503612,12800691,1,,2011-10-17,2011-12-31,f,75,75,,0,0,00000,2011,1994,Buick,Lesabre,Car,,0,3400,25000,21,Gasoline,14.90,0.00,0.00,0,0,0,0,0,0,0,0,0,0,0,0,0,0,0,1
340,176,6503113,12800692,1,,2011-09-01,2011-12-31,f,121,121,,0,189,02186,2011,2004,Honda,Accord,Car,,0,3400,27000,22,Gasoline,19.10,0.00,0.00,0,0,0,0,0,0,0,0,0,0,0,0,0,0,0,1
326,164,3837661,225,1,121,2007-03-15,2008-04-02,t,384,384,100,48.78,160,01851,2008,2007,Hyundai,Elantra,Car,,0,2700,17000,28,Gasoline,27.44,1.78,16.10,1,0,0,0,0,0,0,0,0,0,0,0,0,0,0,0
327,165,2478968,229,1,8017,2010-11-01,2011-04-06,t,156,357,43.7,20.9,209,01247,2011,2009,Honda,Civic,Car,,0,2800,18000,29,Gasoline,27.85,0.75,6.79,0,0,0,0,0,0,0,0,0,0,0,1,1,0,0,0
330,166,5659562,230,1,56705,2008-07-14,2010-06-08,t,694,911,76.18,14.94,0,00000,2010,1999,Toyota,Rav4,SUV,,0,2900,19000,21,Gasoline,16.82,0.89,8.05,0,0,1,1,1,1,1,1,1,1,0,0,0,0,0,0
331,166,5659562,231,1,70314,2010-06-08,2011-04-07,t,303,303,100,15.82,0,00000,2011,1999,Toyota,Rav4,SUV,,0,2900,19000,21,Gasoline,16.48,0.96,8.69,0,0,0,0,0,0,0,0,0,0,1,1,1,0,0,0
334,170,7703541,234,2,288123,2008-01-01,2008-12-31,t,365,1098,33.24,19.44,95,02702,2008,1987,,,,,,,,,,,,,1,1,1,1,0,0,0,0,0,0,0,0,0,0,0,0
335,173,6212234,235,1,88544,2007-06-20,2009-05-31,t,711,1580,45,26.87,309,01082,2009,1994,Buick,Lesabre,Car,,0,3400,25000,21,Gasoline,15.51,1.73,15.69,1,1,1,1,1,1,0,0,0,0,0,0,0,0,0,0
336,173,4503612,235,1,88544,2011-10-11,2011-10-17,t,6,1580,0.38,26.87,227,01069,2011,1994,Buick,Lesabre,Car,,0,3400,25000,21,Gasoline,14.90,1.80,16.34,0,0,0,0,0,0,0,0,0,0,0,0,0,0,0,0
337,173,1358086,235,1,88544,2009-12-02,2011-07-31,t,606,1580,38.35,26.87,0,00000,2011,1994,Buick,Lesabre,Car,,0,3400,25000,21,Gasoline,14.90,1.80,16.34,0,0,0,0,0,0,0,0,1,1,1,1,1,1,0,0
339,176,6503113,238,1,43697,2009-08-28,2010-09-01,t,369,369,100,11.39,189,02186,2010,2004,Honda,Accord,Car,,0,3400,27000,22,Gasoline,19.49,0.58,5.29,0,0,0,0,0,0,0,1,1,1,1,0,0,0,0,0
341,176,6503113,237,1,35430,2008-08-07,2009-08-28,t,386,386,100,21.42,189,02186,2009,2004,Honda,Accord,Car,,0,3400,27000,22,Gasoline,19.89,1.08,9.75,0,0,1,1,1,1,1,0,0,0,0,0,0,0,0,0
344,177,534303,12800693,1,,2010-04-06,2011-12-31,f,634,634,,0,0,00000,2011,1994,Chevrolet,Suburban,SUV,,0,4700,21000,13,Gasoline,9.22,0.00,0.00,0,0,0,0,0,0,0,0,0,1,1,1,1,1,1,1
349,178,4489767,12800694,1,,2011-09-12,2011-12-31,f,110,110,,0,0,00000,2011,1999,Toyota,Land-Cruiser,SUV,,0,5100,47000,13,Gasoline,10.20,0.00,0.00,0,0,0,0,0,0,0,0,0,0,0,0,0,0,0,1
354,179,6747114,12800695,1,,2010-08-01,2011-05-31,f,303,517,,0,163,01902,2011,1996,Toyota,Corolla,Car,,0,2400,14000,27,Gasoline,19.94,0.00,0.00,0,0,0,0,0,0,0,0,0,0,1,1,1,1,0,0
356,179,6495524,12800695,1,,2011-11-10,2011-12-31,f,51,517,,0,163,01905,2011,1996,Toyota,Corolla,Car,,0,2400,14000,27,Gasoline,19.94,0.00,0.00,0,0,0,0,0,0,0,0,0,0,0,0,0,0,0,1
357,180,5220474,12800696,1,,2011-07-01,2011-12-31,f,183,198,,0,293,02780,2011,2003,Chrysler,Town-&-Country,Van,,0,4100,27000,19,Gasoline,16.16,0.00,0.00,0,0,0,0,0,0,0,0,0,0,0,0,0,0,1,1
358,180,3417000,12800696,1,,2011-06-16,2011-06-30,f,14,198,,0,293,02780,2011,2003,Chrysler,Town-&-Country,Van,,0,4100,27000,19,Gasoline,16.16,0.00,0.00,0,0,0,0,0,0,0,0,0,0,0,0,0,0,0,0
343,176,6503113,236,1,25223,2007-07-06,2008-08-07,t,398,398,100,25.65,189,02186,2008,2004,Honda,Accord,Car,,0,3400,27000,22,Gasoline,20.29,1.26,11.45,1,1,0,0,0,0,0,0,0,0,0,0,0,0,0,0
345,177,534303,240,1,135158,2007-07-01,2008-02-25,t,239,444,53.83,14.21,44,02301,2008,1994,Chevrolet,Suburban,SUV,,0,4700,21000,13,Gasoline,9.80,1.45,13.13,1,0,0,0,0,0,0,0,0,0,0,0,0,0,0,0
346,177,534303,241,1,141465,2008-02-25,2009-01-06,t,316,316,100,20.74,44,02301,2009,1994,Chevrolet,Suburban,SUV,,0,4700,21000,13,Gasoline,9.60,2.16,19.56,0,1,1,1,0,0,0,0,0,0,0,0,0,0,0,0
347,177,534303,242,1,148019,2009-01-06,2010-04-06,t,455,455,100,13.07,44,02301,2010,1994,Chevrolet,Suburban,SUV,,0,4700,21000,13,Gasoline,9.41,1.39,12.58,0,0,0,0,1,1,1,1,1,0,0,0,0,0,0,0
348,178,4489767,244,1,98398,2008-03-17,2009-03-03,t,351,351,100,40.09,0,00000,2009,1999,Toyota,Land-Cruiser,SUV,,0,5100,47000,13,Gasoline,10.62,3.77,34.18,0,1,1,1,1,0,0,0,0,0,0,0,0,0,0,0
350,178,4489767,243,1,84134,2007-10-01,2008-03-17,t,168,371,45.28,38.45,0,00000,2008,1999,Toyota,Land-Cruiser,SUV,,0,5100,47000,13,Gasoline,10.84,3.55,32.12,1,0,0,0,0,0,0,0,0,0,0,0,0,0,0,0
351,178,4489767,246,1,121053,2009-10-01,2010-09-03,t,337,337,100,33.55,0,00000,2010,1999,Toyota,Land-Cruiser,SUV,,0,5100,47000,13,Gasoline,10.41,3.22,29.19,0,0,0,0,0,0,0,1,1,1,1,0,0,0,0,0
352,178,4489767,245,1,112469,2009-03-03,2009-10-01,t,212,212,100,40.49,0,00000,2009,1999,Toyota,Land-Cruiser,SUV,,0,5100,47000,13,Gasoline,10.62,3.81,34.52,0,0,0,0,0,1,1,0,0,0,0,0,0,0,0,0
353,178,4489767,247,1,132359,2010-09-03,2011-09-12,t,374,374,100,32.45,0,00000,2011,1999,Toyota,Land-Cruiser,SUV,,0,5100,47000,13,Gasoline,10.20,3.18,28.81,0,0,0,0,0,0,0,0,0,0,0,1,1,1,1,0
355,179,6747114,248,1,108897,2009-06-02,2010-08-01,t,425,767,55.41,19.76,163,01902,2010,1996,Toyota,Corolla,Car,,0,2400,14000,27,Gasoline,20.35,0.97,8.79,0,0,0,0,0,0,1,1,1,1,0,0,0,0,0,0
361,181,7382158,11498704,1,,2008-01-01,2008-12-31,f,365,473,,0,179,01756,2008,2003,Kawasaki,Vn1600,,,0,,,,,,,,1,1,1,1,0,0,0,0,0,0,0,0,0,0,0,0
362,181,7381575,12800697,1,,2011-04-14,2011-12-31,f,261,261,,0,348,01604,2011,2003,Kawasaki,Vn1600,,,0,,,,,,,,0,0,0,0,0,0,0,0,0,0,0,0,0,1,1,1
363,184,1371456,12800698,2,,2008-11-08,2010-10-31,f,722,1148,,0,317,76262,2010,2006,Jeep,Grand-Cherokee,SUV,,0,4100,37000,16,Gasoline,14.76,0.00,0.00,0,0,0,1,1,1,1,1,1,1,1,0,0,0,0,0
365,185,6171057,12800699,1,,2010-09-01,2011-07-14,f,316,486,,0,103,01440,2011,2006,Dodge,Dakota,Truck,,0,4500,26000,16,Gasoline,14.46,0.00,0.00,0,0,0,0,0,0,0,0,0,0,0,1,1,1,0,0
367,185,2379612,12800699,1,,2011-07-15,2011-12-31,f,169,486,,0,0,00000,2011,2006,Dodge,Dakota,Truck,,0,4500,26000,16,Gasoline,14.46,0.00,0.00,0,0,0,0,0,0,0,0,0,0,0,0,0,0,1,1
370,186,5212836,12800700,1,,2011-10-13,2011-12-31,f,79,79,,0,170,01752,2011,2006,Ford,F-150,Truck,,0,5200,33000,14,Gasoline,12.65,0.00,0.00,0,0,0,0,0,0,0,0,0,0,0,0,0,0,0,1
373,187,7155066,12800701,1,,2011-01-03,2011-12-31,f,362,362,,0,288,01776,2011,2006,Toyota,Rav4,SUV,,0,3300,21000,23,Gasoline,20.79,0.00,0.00,0,0,0,0,0,0,0,0,0,0,0,0,1,1,1,1
375,189,4443956,12800702,1,,2011-12-16,2011-12-31,f,15,15,,0,224,02662,2011,2000,Mercury,Sable,Car,,0,3300,22000,21,Gasoline,16.82,0.00,0.00,0,0,0,0,0,0,0,0,0,0,0,0,0,0,0,0
359,180,3417000,249,1,44709,2007-07-01,2011-06-16,t,1446,1450,99.72,27.82,293,02780,2011,2003,Chrysler,Town-&-Country,Van,,0,4100,27000,19,Gasoline,16.16,1.72,15.59,1,1,1,1,1,1,1,1,1,1,1,1,1,1,0,0
360,181,7381575,251,1,12540,2011-01-01,2011-04-14,t,103,390,26.41,17.75,348,01604,2011,2003,Kawasaki,Vn1600,,,0,,,,,,,,0,0,0,0,0,0,0,0,0,0,0,0,1,0,0,0
364,184,1371456,252,2,6907,2008-11-01,2008-11-08,t,7,366,1.91,19.1,317,76262,2008,2006,Jeep,Grand-Cherokee,SUV,,0,4100,37000,16,Gasoline,15.37,1.24,11.26,0,0,0,0,0,0,0,0,0,0,0,0,0,0,0,0
366,185,6171057,254,1,106252,2008-09-01,2009-08-26,t,359,364,98.63,26.94,223,01364,2009,2006,Dodge,Dakota,Truck,,0,4500,26000,16,Gasoline,15.06,1.79,16.20,0,0,0,1,1,1,1,0,0,0,0,0,0,0,0,0
368,185,6171057,255,1,116057,2009-08-26,2010-08-31,t,370,371,99.73,21.27,223,01364,2010,2006,Dodge,Dakota,Truck,,0,4500,26000,16,Gasoline,14.76,1.44,13.05,0,0,0,0,0,0,0,1,1,1,1,0,0,0,0,0
369,186,5212836,258,1,93210,2010-09-07,2011-10-13,t,401,401,100,58.07,170,01752,2011,2006,Ford,F-150,Truck,,0,5200,33000,14,Gasoline,12.65,4.59,41.56,0,0,0,0,0,0,0,0,0,0,0,1,1,1,1,0
371,186,5212836,257,1,55641,2009-08-04,2010-09-07,t,399,399,100,94.16,170,01752,2010,2006,Ford,F-150,Truck,,0,5200,33000,14,Gasoline,12.91,7.29,66.03,0,0,0,0,0,0,1,1,1,1,1,0,0,0,0,0
372,186,5212836,256,1,21099,2008-11-01,2009-08-04,t,276,379,72.82,91.14,170,01752,2009,2006,Ford,F-150,Truck,,0,5200,33000,14,Gasoline,13.18,6.92,62.64,0,0,0,1,1,1,0,0,0,0,0,0,0,0,0,0
382,191,2325589,12800703,1,,2011-05-17,2011-12-31,f,228,228,,0,23,01730,2011,2002,Toyota,Corolla,Car,,0,2400,13000,30,Gasoline,25.01,0.00,0.00,0,0,0,0,0,0,0,0,0,0,0,0,0,0,1,1
386,192,5738403,12800704,1,,2011-04-11,2011-12-31,f,264,264,,0,0,00000,2011,1995,Nissan,Truck,Truck,,0,2800,16000,17,Gasoline,12.30,0.00,0.00,0,0,0,0,0,0,0,0,0,0,0,0,0,1,1,1
391,195,7661429,12800705,1,,2011-03-24,2011-12-31,f,282,386,,0,0,00000,2011,1994,Subaru,Impreza,Car,,0,2500,14000,22,Gasoline,15.61,0.00,0.00,0,0,0,0,0,0,0,0,0,0,0,0,0,1,1,1
376,189,4443956,262,1,81502,2009-10-19,2010-10-29,t,375,375,100,23.22,0,00000,2010,2000,Mercury,Sable,Car,,0,3300,22000,21,Gasoline,17.16,1.35,12.26,0,0,0,0,0,0,0,1,1,1,1,0,0,0,0,0
377,189,4443956,261,1,74314,2008-10-23,2009-10-19,t,361,361,100,19.91,0,00000,2009,2000,Mercury,Sable,Car,,0,3300,22000,21,Gasoline,17.51,1.14,10.30,0,0,0,1,1,1,1,0,0,0,0,0,0,0,0,0
378,189,4443956,263,1,90210,2010-10-29,2011-12-16,t,413,413,100,26.8,0,00000,2011,2000,Mercury,Sable,Car,,0,3300,22000,21,Gasoline,16.82,1.59,14.43,0,0,0,0,0,0,0,0,0,0,0,1,1,1,1,1
379,189,4443956,260,1,65785,2008-10-01,2008-10-23,t,22,371,5.93,22.99,224,02662,2008,2000,Mercury,Sable,Car,,0,3300,22000,21,Gasoline,17.87,1.29,11.65,0,0,0,0,0,0,0,0,0,0,0,0,0,0,0,0
380,191,2325589,267,1,32468,2010-05-25,2011-05-17,t,357,357,100,10.16,23,01730,2011,2002,Toyota,Corolla,Car,,0,2400,13000,30,Gasoline,25.01,0.41,3.68,0,0,0,0,0,0,0,0,0,0,1,1,1,1,0,0
381,191,2325589,264,1,18390,2007-06-01,2008-05-12,t,346,349,99.14,14.41,23,01730,2008,2002,Toyota,Corolla,Car,,0,2400,13000,30,Gasoline,26.58,0.54,4.91,1,0,0,0,0,0,0,0,0,0,0,0,0,0,0,0
383,191,2325589,266,1,28517,2009-05-26,2010-05-25,t,364,364,100,10.85,23,01730,2010,2002,Toyota,Corolla,Car,,0,2400,13000,30,Gasoline,25.52,0.43,3.85,0,0,0,0,0,0,1,1,1,1,0,0,0,0,0,0
384,191,2325589,265,1,23419,2008-05-12,2009-05-26,t,379,379,100,13.45,23,01730,2009,2002,Toyota,Corolla,Car,,0,2400,13000,30,Gasoline,26.04,0.52,4.68,0,1,1,1,1,1,0,0,0,0,0,0,0,0,0,0
385,192,5738403,269,1,104177,2008-08-01,2009-05-13,t,285,387,73.64,0.75,0,00000,2009,1995,Nissan,Truck,Truck,,0,2800,16000,17,Gasoline,12.81,0.06,0.53,0,0,1,1,1,0,0,0,0,0,0,0,0,0,0,0
387,192,5738403,270,1,104467,2009-05-13,2010-04-13,t,335,335,100,6.27,0,00000,2010,1995,Nissan,Truck,Truck,,0,2800,16000,17,Gasoline,12.56,0.50,4.53,0,0,0,0,0,1,1,1,1,0,0,0,0,0,0,0
388,192,5738403,271,1,106569,2010-04-13,2011-04-11,t,363,363,100,12.65,0,00000,2011,1995,Nissan,Truck,Truck,,0,2800,16000,17,Gasoline,12.30,1.03,9.31,0,0,0,0,0,0,0,0,0,1,1,1,1,0,0,0
389,195,3178844,272,1,49130,2008-08-07,2008-12-19,t,134,641,20.9,238.42,0,00000,2008,1994,Subaru,Impreza,Car,,0,2500,14000,22,Gasoline,16.58,14.38,130.22,0,0,1,1,0,0,0,0,0,0,0,0,0,0,0,0
390,195,3178844,273,1,201956,2008-12-19,2009-12-29,t,375,375,100,25.23,0,00000,2009,1994,Subaru,Impreza,Car,,0,2500,14000,22,Gasoline,16.25,1.55,14.06,0,0,0,0,1,1,1,1,0,0,0,0,0,0,0,0
393,197,6551590,12800706,1,,2010-03-01,2011-05-31,f,456,670,,0,207,02459,2011,1999,Volvo,S70,Car,,0,3200,28000,22,Gasoline,17.26,0.00,0.00,0,0,0,0,0,0,0,0,0,1,1,1,1,1,0,0
397,198,2672752,12800707,1,,2009-06-30,2009-09-30,f,92,914,,0,182,02346,2009,2002,Toyota,Rav4,SUV,,0,2900,18000,22,Gasoline,19.10,0.00,0.00,0,0,0,0,0,0,1,0,0,0,0,0,0,0,0,0
401,199,6756804,12800708,1,,2011-08-04,2011-12-31,f,149,149,,0,0,00000,2011,1998,Suzuki,Sidekick,Car,,0,2400,16000,22,Gasoline,16.92,0.00,0.00,0,0,0,0,0,0,0,0,0,0,0,0,0,0,1,1
402,199,6756804,11498706,1,,2008-06-03,2008-07-28,f,55,209,,0,136,01746,2008,1998,Suzuki,Sidekick,Car,,0,2400,16000,22,Gasoline,17.98,0.00,0.00,0,0,0,0,0,0,0,0,0,0,0,0,0,0,0,0
404,201,3063510,12800709,1,,2008-10-01,2011-12-31,f,1186,1338,,0,73,02026,2011,2008,Mercury,Milan,Car,,0,3300,26000,21,Gasoline,19.77,0.00,0.00,0,0,0,1,1,1,1,1,1,1,1,1,1,1,1,1
392,195,3178844,274,1,211418,2009-12-29,2010-05-31,t,153,346,44.22,37.15,0,00000,2010,1994,Subaru,Impreza,Car,,0,2500,14000,22,Gasoline,15.92,2.33,21.13,0,0,0,0,0,0,0,0,1,1,0,0,0,0,0,0
394,197,6690963,275,1,107041,2007-12-03,2009-05-31,t,545,819,66.54,20.56,207,02459,2009,1999,Volvo,S70,Car,,0,3200,28000,22,Gasoline,17.98,1.14,10.36,1,1,1,1,1,1,0,0,0,0,0,0,0,0,0,0
395,197,6551590,275,1,107041,2009-07-06,2010-03-01,t,238,819,29.06,20.56,207,02459,2010,1999,Volvo,S70,Car,,0,3200,28000,22,Gasoline,17.62,1.17,10.57,0,0,0,0,0,0,1,1,1,0,0,0,0,0,0,0
396,198,2672752,277,1,169125,2008-06-03,2009-06-30,t,392,392,100,93.51,182,02346,2009,2002,Toyota,Rav4,SUV,,0,2900,18000,22,Gasoline,19.10,4.90,44.34,0,0,1,1,1,1,0,0,0,0,0,0,0,0,0,0
398,198,2672752,276,1,137948,2007-10-01,2008-06-03,t,246,349,70.49,89.33,182,02346,2008,2002,Toyota,Rav4,SUV,,0,2900,18000,22,Gasoline,19.49,4.58,41.51,1,1,0,0,0,0,0,0,0,0,0,0,0,0,0,0
399,199,6756804,278,1,122910,2008-07-28,2009-11-06,t,466,466,100,19.78,0,00000,2009,1998,Suzuki,Sidekick,Car,,0,2400,16000,22,Gasoline,17.62,1.12,10.17,0,0,1,1,1,1,1,0,0,0,0,0,0,0,0,0
400,199,6756804,280,1,134380,2010-07-15,2011-08-04,t,385,385,100,11.54,0,00000,2011,1998,Suzuki,Sidekick,Car,,0,2400,16000,22,Gasoline,16.92,0.68,6.17,0,0,0,0,0,0,0,0,0,0,1,1,1,1,0,0
403,199,6756804,279,1,132126,2009-11-06,2010-07-15,t,251,251,100,8.98,0,00000,2010,1998,Suzuki,Sidekick,Car,,0,2400,16000,22,Gasoline,17.26,0.52,4.71,0,0,0,0,0,0,0,1,1,1,0,0,0,0,0,0
405,202,5163418,283,1,78497,2009-01-06,2010-03-10,t,428,428,100,21.2,339,01095,2010,2002,Subaru,Impreza,Car,,0,3100,25000,21,Gasoline,17.87,1.19,10.75,0,0,0,0,1,1,1,1,1,0,0,0,0,0,0,0
406,202,5163418,284,1,87570,2010-03-10,2011-04-02,t,388,388,100,27.98,339,01095,2011,2002,Subaru,Impreza,Car,,0,3100,25000,21,Gasoline,17.51,1.60,14.47,0,0,0,0,0,0,0,0,0,1,1,1,1,0,0,0
407,202,5163418,282,1,68382,2007-12-07,2009-01-06,t,396,396,100,25.54,0,00000,2009,2002,Subaru,Impreza,Car,,0,3100,25000,21,Gasoline,18.23,1.40,12.69,1,1,1,1,0,0,0,0,0,0,0,0,0,0,0,0
408,202,5163418,12800710,1,,2011-04-02,2011-12-31,f,273,273,,0,339,01095,2011,2002,Subaru,Impreza,Car,,0,3100,25000,21,Gasoline,17.51,0.00,0.00,0,0,0,0,0,0,0,0,0,0,0,0,0,1,1,1
409,203,6414418,12800711,1,,2011-02-01,2011-12-31,f,333,1026,,0,14,01721,2011,2009,Toyota,Corolla,Car,,0,2800,16000,30,Gasoline,28.81,0.00,0.00,0,0,0,0,0,0,0,0,0,0,0,0,1,1,1,1
412,204,685419,12800712,1,,2010-04-19,2011-12-31,f,621,621,,0,0,00000,2011,1986,Ford,Ltd-Crown-Victoria,Car,,0,3900,14000,19,Gasoline,11.47,0.00,0.00,0,0,0,0,0,0,0,0,0,1,1,1,1,1,1,1
414,205,309549,12800713,1,,2011-12-29,2011-12-31,f,2,2,,0,271,01545,2011,2007,Honda,Civic,Car,,0,2800,21000,29,Gasoline,26.75,0.00,0.00,0,0,0,0,0,0,0,0,0,0,0,0,0,0,0,0
417,208,7886579,12800714,2,,2011-01-01,2011-12-31,f,364,411,,0,149,01702,2011,2002,Isuzu,Ftr,,,0,,,,,,,,0,0,0,0,0,0,0,0,0,0,0,0,1,1,1,1
422,209,692106,12800715,1,,2011-07-15,2011-12-31,f,169,169,,0,262,01906,2011,2002,Nissan,Altima,Car,,0,3000,21000,23,Gasoline,19.18,0.00,0.00,0,0,0,0,0,0,0,0,0,0,0,0,0,0,1,1
424,210,5454158,12800716,1,,2009-05-13,2011-02-28,f,656,962,,0,272,01072,2011,2001,Hyundai,Sonata,Car,,0,3100,15000,22,Gasoline,17.98,0.00,0.00,0,0,0,0,0,1,1,1,1,1,1,1,1,0,0,0
410,204,685419,288,1,93891,2009-01-05,2010-04-19,t,469,469,100,1.64,0,00000,2010,1986,Ford,Ltd-Crown-Victoria,Car,,0,3900,14000,19,Gasoline,11.70,0.14,1.27,0,0,0,0,1,1,1,1,1,0,0,0,0,0,0,0
411,204,685419,287,1,93000,2008-05-02,2009-01-05,t,248,248,100,3.59,0,00000,2009,1986,Ford,Ltd-Crown-Victoria,Car,,0,3900,14000,19,Gasoline,11.94,0.30,2.73,0,1,1,1,0,0,0,0,0,0,0,0,0,0,0,0
413,204,685419,286,1,92110,2008-05-01,2008-05-02,t,1,361,0.28,2.47,287,01566,2008,1986,Ford,Ltd-Crown-Victoria,Car,,0,3900,14000,19,Gasoline,12.18,0.20,1.83,0,0,0,0,0,0,0,0,0,0,0,0,0,0,0,0
415,205,309549,289,1,16200,2009-10-23,2010-12-17,t,420,420,100,37.59,271,01545,2010,2007,Honda,Civic,Car,,0,2800,21000,29,Gasoline,27.29,1.38,12.47,0,0,0,0,0,0,0,1,1,1,1,1,0,0,0,0
416,205,309549,290,1,31988,2010-12-17,2011-12-29,t,377,377,100,39.74,271,01545,2011,2007,Honda,Civic,Car,,0,2800,21000,29,Gasoline,26.75,1.49,13.45,0,0,0,0,0,0,0,0,0,0,0,0,1,1,1,1
418,208,7579051,291,2,112784,2008-01-01,2008-12-31,t,365,879,41.52,40.68,149,01843,2008,2002,Isuzu,Ftr,,,0,,,,,,,,1,1,1,1,0,0,0,0,0,0,0,0,0,0,0,0
419,209,7270872,294,1,83490,2008-10-01,2009-06-10,t,252,495,50.91,13.11,262,01906,2009,2002,Nissan,Altima,Car,,0,3000,21000,23,Gasoline,19.97,0.66,5.95,0,0,0,1,1,1,0,0,0,0,0,0,0,0,0,0
420,209,692106,296,1,99736,2010-06-05,2011-07-15,t,405,405,100,21.96,262,01906,2011,2002,Nissan,Altima,Car,,0,3000,21000,23,Gasoline,19.18,1.15,10.37,0,0,0,0,0,0,0,0,0,0,1,1,1,1,0,0
421,209,692106,295,1,89980,2009-08-01,2010-06-05,t,308,360,85.56,27.1,262,01906,2010,2002,Nissan,Altima,Car,,0,3000,21000,23,Gasoline,19.57,1.38,12.54,0,0,0,0,0,0,1,1,1,1,0,0,0,0,0,0
428,211,4247955,12800717,1,,2011-04-28,2011-12-31,f,247,247,,0,0,00000,2011,2007,Nissan,Versa,Car,,0,2700,15000,28,Gasoline,25.83,0.00,0.00,0,0,0,0,0,0,0,0,0,0,0,0,0,1,1,1
433,213,467616,12800718,1,,2011-01-10,2011-12-31,f,355,355,,0,110,01519,2011,2007,Honda,Cr-V,SUV,,0,3500,25000,22,Gasoline,20.29,0.00,0.00,0,0,0,0,0,0,0,0,0,0,0,0,1,1,1,1
436,214,4087526,12800719,1,,2011-09-06,2011-12-31,f,116,388,,0,163,01902,2011,2011,Dodge,Charger,Car,,0,4000,27000,22,Gasoline,22.00,0.00,0.00,0,0,0,0,0,0,0,0,0,0,0,0,0,0,0,1
438,215,13791,12800720,1,,2010-12-31,2011-12-31,f,365,365,,0,79,01826,2011,1994,Gmc,Sierra-1500,Truck,,0,3800,16000,15,Gasoline,10.64,0.00,0.00,0,0,0,0,0,0,0,0,0,0,0,0,1,1,1,1
425,210,5454158,298,1,103601,2008-05-14,2009-05-13,t,364,364,100,42.81,0,00000,2009,2001,Hyundai,Sonata,Car,,0,3100,15000,22,Gasoline,18.72,2.29,20.71,0,1,1,1,1,0,0,0,0,0,0,0,0,0,0,0
426,210,5454158,297,1,85504,2007-05-11,2008-05-14,t,369,369,100,49.04,0,00000,2008,2001,Hyundai,Sonata,Car,,0,3100,15000,22,Gasoline,19.10,2.57,23.25,1,0,0,0,0,0,0,0,0,0,0,0,0,0,0,0
427,211,4247955,302,1,50572,2010-04-30,2010-10-31,t,184,363,50.69,37.37,35,01501,2010,2007,Nissan,Versa,Car,,0,2700,15000,28,Gasoline,26.35,1.42,12.84,0,0,0,0,0,0,0,0,0,1,1,0,0,0,0,0
429,211,4247955,302,1,50572,2011-04-05,2011-04-28,t,23,363,6.34,37.37,207,02465,2011,2007,Nissan,Versa,Car,,0,2700,15000,28,Gasoline,25.83,1.45,13.11,0,0,0,0,0,0,0,0,0,0,0,0,0,0,0,0
430,211,4247955,300,1,14481,2008-11-01,2009-04-06,t,156,402,38.81,51.28,35,01501,2009,2007,Nissan,Versa,Car,,0,2700,15000,28,Gasoline,26.89,1.91,17.27,0,0,0,1,1,0,0,0,0,0,0,0,0,0,0,0
431,211,4247955,301,1,35096,2009-04-06,2010-04-30,t,389,389,100,39.78,35,01501,2010,2007,Nissan,Versa,Car,,0,2700,15000,28,Gasoline,26.35,1.51,13.67,0,0,0,0,0,1,1,1,1,0,0,0,0,0,0,0
432,213,467616,306,1,52411,2010-01-11,2011-01-10,t,364,364,100,54.58,110,01519,2011,2007,Honda,Cr-V,SUV,,0,3500,25000,22,Gasoline,20.29,2.69,24.36,0,0,0,0,0,0,0,0,1,1,1,1,0,0,0,0
434,213,467616,305,1,35302,2009-01-12,2010-01-11,t,364,364,100,47,110,01519,2010,2007,Honda,Cr-V,SUV,,0,3500,25000,22,Gasoline,20.71,2.27,20.56,0,0,0,0,1,1,1,1,0,0,0,0,0,0,0,0
435,213,467616,304,1,18484,2008-11-01,2009-01-12,t,72,371,19.41,45.33,110,01519,2009,2007,Honda,Cr-V,SUV,,0,3500,25000,22,Gasoline,21.13,2.15,19.43,0,0,0,1,0,0,0,0,0,0,0,0,0,0,0,0
437,215,4321952,310,1,149066,2009-01-28,2009-06-30,t,153,702,21.79,17.39,79,01826,2009,1994,Gmc,Sierra-1500,Truck,,0,3800,16000,15,Gasoline,11.08,1.57,14.21,0,0,0,0,1,1,0,0,0,0,0,0,0,0,0,0
439,215,4321952,309,1,140022,2007-11-01,2009-01-28,t,454,664,68.37,13.62,79,01826,2009,1994,Gmc,Sierra-1500,Truck,,0,3800,16000,15,Gasoline,11.08,1.23,11.13,1,1,1,1,0,0,0,0,0,0,0,0,0,0,0,0
440,215,13791,310,1,149066,2009-07-01,2010-12-31,t,548,702,78.06,17.39,79,01826,2010,1994,Gmc,Sierra-1500,Truck,,0,3800,16000,15,Gasoline,10.86,1.60,14.50,0,0,0,0,0,0,1,1,1,1,1,1,0,0,0,0
444,216,3902933,12800721,1,,2011-03-30,2011-12-31,f,276,276,,0,0,00000,2011,2002,Chevrolet,Blazer,SUV,,0,4100,27000,16,Gasoline,13.34,0.00,0.00,0,0,0,0,0,0,0,0,0,0,0,0,0,1,1,1
445,217,6487915,12800722,1,,2011-04-30,2011-12-31,f,245,245,,0,32,01504,2011,2003,Gmc,Sierra-1500,Truck,,0,4200,22000,16,Gasoline,13.61,0.00,0.00,0,0,0,0,0,0,0,0,0,0,0,0,0,1,1,1
451,221,7127758,12800723,1,,2011-02-26,2011-12-31,f,308,308,,0,46,02445,2011,1998,Mazda,626,Car,,0,2900,22000,21,Gasoline,16.15,0.00,0.00,0,0,0,0,0,0,0,0,0,0,0,0,0,1,1,1
441,216,3902933,312,1,25592,2008-11-01,2009-04-06,t,156,376,41.49,7.07,0,00000,2009,2002,Chevrolet,Blazer,SUV,,0,4100,27000,16,Gasoline,13.89,0.51,4.61,0,0,0,1,1,0,0,0,0,0,0,0,0,0,0,0
442,216,3902933,313,1,28250,2009-04-06,2010-03-31,t,359,359,100,6.87,0,00000,2010,2002,Chevrolet,Blazer,SUV,,0,4100,27000,16,Gasoline,13.61,0.50,4.57,0,0,0,0,0,1,1,1,1,0,0,0,0,0,0,0
443,216,3902933,314,1,30717,2010-03-31,2011-03-30,t,364,364,100,5.3,0,00000,2011,2002,Chevrolet,Blazer,SUV,,0,4100,27000,16,Gasoline,13.34,0.40,3.60,0,0,0,0,0,0,0,0,0,1,1,1,1,0,0,0
446,217,6487915,317,1,101609,2009-04-30,2010-04-16,t,351,351,100,41.5,32,01504,2010,2003,Gmc,Sierra-1500,Truck,,0,4200,22000,16,Gasoline,13.89,2.99,27.05,0,0,0,0,0,1,1,1,1,0,0,0,0,0,0,0
447,217,6487915,318,1,116174,2010-04-16,2011-04-30,t,379,379,100,40.86,32,01504,2011,2003,Gmc,Sierra-1500,Truck,,0,4200,22000,16,Gasoline,13.61,3.00,27.18,0,0,0,0,0,0,0,0,0,1,1,1,1,0,0,0
448,217,6487915,316,1,84720,2008-10-01,2009-04-30,t,211,384,54.95,43.98,32,01504,2009,2003,Gmc,Sierra-1500,Truck,,0,4200,22000,16,Gasoline,14.17,3.10,28.10,0,0,0,1,1,0,0,0,0,0,0,0,0,0,0,0
449,221,7127758,320,1,63365,2009-04-21,2010-02-06,t,291,355,81.97,26.04,46,02445,2010,1998,Mazda,626,Car,,0,2900,22000,21,Gasoline,16.48,1.58,14.31,0,0,0,0,0,1,1,1,0,0,0,0,0,0,0,0
450,221,7127758,321,1,72608,2010-02-06,2011-02-26,t,385,385,100,32.33,46,02445,2011,1998,Mazda,626,Car,,0,2900,22000,21,Gasoline,16.15,2.00,18.13,0,0,0,0,0,0,0,0,1,1,1,1,1,0,0,0
452,221,7127758,319,1,52686,2007-12-04,2009-02-16,t,440,440,100,24.27,49,02139,2009,1998,Mazda,626,Car,,0,2900,22000,21,Gasoline,16.82,1.44,13.07,1,1,1,1,1,0,0,0,0,0,0,0,0,0,0,0
453,221,7127758,320,1,63365,2009-02-16,2009-03-31,t,43,355,12.11,26.04,49,02139,2009,1998,Mazda,626,Car,,0,2900,22000,21,Gasoline,16.82,1.55,14.02,0,0,0,0,0,0,0,0,0,0,0,0,0,0,0,0
454,225,1508825,325,1,89367,2010-10-23,2011-10-26,t,368,368,100,28.83,158,01460,2011,2003,Dodge,Grand-Caravan,Van,,0,4300,34000,19,Gasoline,16.16,1.78,16.15,0,0,0,0,0,0,0,0,0,0,0,1,1,1,1,0
455,225,1508825,323,1,69755,2008-10-25,2009-10-24,t,364,364,100,27.01,158,01460,2009,2003,Dodge,Grand-Caravan,Van,,0,4300,34000,19,Gasoline,16.83,1.60,14.53,0,0,0,1,1,1,1,0,0,0,0,0,0,0,0,0
456,225,1508825,322,1,58655,2008-10-01,2008-10-25,t,24,346,6.94,32.08,158,01460,2008,2003,Dodge,Grand-Caravan,Van,,0,4300,34000,19,Gasoline,17.17,1.87,16.92,0,0,0,0,0,0,0,0,0,0,0,0,0,0,0,0
458,225,1508825,12800724,1,,2011-10-26,2011-12-31,f,66,66,,0,158,01460,2011,2003,Dodge,Grand-Caravan,Van,,0,4300,34000,19,Gasoline,16.16,0.00,0.00,0,0,0,0,0,0,0,0,0,0,0,0,0,0,0,1
460,231,4680396,12800725,1,,2011-03-18,2011-12-31,f,288,288,,0,338,02382,2011,2005,Toyota,Corolla,Car,,0,2500,15000,31,Gasoline,27.46,0.00,0.00,0,0,0,0,0,0,0,0,0,0,0,0,0,1,1,1
465,232,1375717,12800726,1,,2009-08-20,2010-03-31,f,223,863,,0,279,01077,2010,2006,Chevrolet,Colorado,Truck,,0,3300,16000,19,Gasoline,17.52,0.00,0.00,0,0,0,0,0,0,0,1,1,0,0,0,0,0,0,0
467,232,487076,12800726,1,,2010-08-31,2011-12-31,f,487,863,,0,329,01085,2011,2006,Chevrolet,Colorado,Truck,,0,3300,16000,19,Gasoline,17.17,0.00,0.00,0,0,0,0,0,0,0,0,0,0,0,1,1,1,1,1
471,234,4935919,12800727,1,,2011-04-14,2011-12-31,f,261,261,,0,350,02093,2011,2008,Honda,Pilot,SUV,,0,4500,31000,18,Gasoline,16.94,0.00,0.00,0,0,0,0,0,0,0,0,0,0,0,0,0,1,1,1
472,236,8078969,12800728,1,,2011-10-03,2011-12-31,f,89,117,,0,305,01880,2011,2011,Toyota,Tacoma,Truck,,0,4100,27000,17,Gasoline,17.00,0.00,0.00,0,0,0,0,0,0,0,0,0,0,0,0,0,0,0,1
457,225,1508825,324,1,79586,2009-10-24,2010-10-23,t,364,364,100,26.87,158,01460,2010,2003,Dodge,Grand-Caravan,Van,,0,4300,34000,19,Gasoline,16.49,1.63,14.75,0,0,0,0,0,0,0,1,1,1,1,0,0,0,0,0
459,231,4680396,329,1,52398,2010-03-31,2011-03-18,t,352,352,100,31.82,338,02382,2011,2005,Toyota,Corolla,Car,,0,2500,15000,31,Gasoline,27.46,1.16,10.49,0,0,0,0,0,0,0,0,0,1,1,1,1,0,0,0
461,231,4680396,328,1,41372,2009-03-25,2010-03-31,t,371,371,100,29.72,338,02382,2010,2005,Toyota,Corolla,Car,,0,2500,15000,31,Gasoline,28.02,1.06,9.60,0,0,0,0,0,1,1,1,1,0,0,0,0,0,0,0
462,231,4680396,327,1,31754,2008-03-26,2009-03-25,t,364,364,100,26.42,338,02382,2009,2005,Toyota,Corolla,Car,,0,2500,15000,31,Gasoline,28.59,0.92,8.37,0,1,1,1,1,0,0,0,0,0,0,0,0,0,0,0
463,231,4680396,326,1,22993,2007-10-01,2008-03-26,t,177,389,45.5,22.52,338,02382,2008,2005,Toyota,Corolla,Car,,0,2500,15000,31,Gasoline,29.18,0.77,6.99,1,0,0,0,0,0,0,0,0,0,0,0,0,0,0,0
464,232,1375717,331,1,87817,2008-08-15,2009-08-20,t,370,370,100,18.95,279,01077,2009,2006,Chevrolet,Colorado,Truck,,0,3300,16000,19,Gasoline,17.88,1.06,9.60,0,0,1,1,1,1,1,0,0,0,0,0,0,0,0,0
466,232,1375717,330,1,11762,2008-04-01,2008-08-15,t,136,454,29.96,167.52,279,01077,2008,2006,Chevrolet,Colorado,Truck,,0,3300,16000,19,Gasoline,18.25,9.18,83.14,0,1,1,0,0,0,0,0,0,0,0,0,0,0,0,0
468,234,4935919,333,1,14715,2009-01-17,2010-04-07,t,445,445,100,24.32,350,02093,2010,2008,Honda,Pilot,SUV,,0,4500,31000,18,Gasoline,17.29,1.41,12.74,0,0,0,0,1,1,1,1,1,0,0,0,0,0,0,0
469,234,4935919,332,1,50,2007-09-07,2009-01-17,t,498,498,100,29.45,0,00000,2009,2008,Honda,Pilot,SUV,,0,4500,31000,18,Gasoline,17.64,1.67,15.12,1,1,1,1,0,0,0,0,0,0,0,0,0,0,0,0
470,234,4935919,334,1,25537,2010-04-07,2011-04-14,t,372,372,100,24.76,350,02093,2011,2008,Honda,Pilot,SUV,,0,4500,31000,18,Gasoline,16.94,1.46,13.24,0,0,0,0,0,0,0,0,0,1,1,1,1,0,0,0
473,238,915432,12800729,1,,2011-03-19,2011-12-31,f,287,287,,0,295,01876,2011,2004,Ford,Explorer,SUV,,0,4500,33000,16,Gasoline,13.89,0.00,0.00,0,0,0,0,0,0,0,0,0,0,0,0,0,1,1,1
478,239,6903636,12800730,1,,2011-10-11,2011-12-31,f,81,81,,0,243,02171,2011,2002,Lexus,Es-300,Car,,0,3400,32000,,Gasoline,,,,0,0,0,0,0,0,0,0,0,0,0,0,0,0,0,1
481,240,7458025,12800731,2,,2008-12-16,2008-12-31,f,15,1110,,0,149,76051,2008,1997,Ford,,,,0,3800,23000,18,,14.41,0.00,0.00,0,0,0,0,0,0,0,0,0,0,0,0,0,0,0,0
482,240,7872588,12800731,2,,2010-01-01,2010-12-31,f,364,1110,,0,149,76051,2010,1997,Ford,,,,0,3800,23000,18,,13.84,0.00,0.00,0,0,0,0,0,0,0,0,1,1,1,1,0,0,0,0
487,242,6591611,12800732,1,,2010-12-28,2011-08-31,f,246,368,,0,160,01854,2011,1996,Nissan,Sentra,Car,,0,2400,14000,29,Gasoline,21.42,0.00,0.00,0,0,0,0,0,0,0,0,0,0,0,0,1,1,1,0
489,245,7249678,12800733,1,,2011-08-15,2011-12-31,f,138,138,,0,83,02333,2011,2007,Chevrolet,Silverado-1500,Truck,,0,4800,25000,16,Gasoline,14.76,0.00,0.00,0,0,0,0,0,0,0,0,0,0,0,0,0,0,1,1
474,238,915432,340,1,59700,2010-02-25,2011-03-19,t,387,387,100,28.16,295,01876,2011,2004,Ford,Explorer,SUV,,0,4500,33000,16,Gasoline,13.89,2.03,18.36,0,0,0,0,0,0,0,0,0,1,1,1,1,0,0,0
475,238,915432,339,1,36203,2010-02-24,2010-02-25,t,1,169,0.59,139.04,295,01876,2010,2004,Ford,Explorer,SUV,,0,4500,33000,16,Gasoline,14.17,9.81,88.83,0,0,0,0,0,0,0,0,0,0,0,0,0,0,0,0
476,239,6903636,344,1,36617,2010-08-03,2011-10-11,t,434,434,100,12.48,243,02171,2011,2002,Lexus,Es-300,Car,,0,3400,32000,,Gasoline,,,,0,0,0,0,0,0,0,0,0,0,1,1,1,1,1,0
477,239,6903636,343,1,32845,2009-07-30,2010-08-03,t,369,369,100,10.22,243,02171,2010,2002,Lexus,Es-300,Car,,0,3400,32000,,Gasoline,,,,0,0,0,0,0,0,1,1,1,1,0,0,0,0,0,0
479,239,6903636,341,1,24387,2008-02-01,2008-07-22,t,172,361,47.65,11.26,243,02171,2008,2002,Lexus,Es-300,Car,,0,3400,32000,,Gasoline,,,,1,1,0,0,0,0,0,0,0,0,0,0,0,0,0,0
480,239,6903636,342,1,28453,2008-07-22,2009-07-30,t,373,373,100,11.77,243,02171,2009,2002,Lexus,Es-300,Car,,0,3400,32000,,Gasoline,,,,0,0,1,1,1,1,0,0,0,0,0,0,0,0,0,0
483,240,7458025,345,2,82446,2008-01-01,2008-12-16,t,350,365,95.89,29.18,149,76051,2008,1997,Ford,,,,0,3800,23000,18,,14.41,2.02,18.33,1,1,1,1,0,0,0,0,0,0,0,0,0,0,0,0
484,242,6591611,347,1,148834,2009-11-10,2010-12-28,t,413,413,100,36.27,0,00000,2010,1996,Nissan,Sentra,Car,,0,2400,14000,29,Gasoline,21.86,1.66,15.03,0,0,0,0,0,0,0,1,1,1,1,1,0,0,0,0
485,242,6591611,346,1,138282,2009-09-01,2009-11-10,t,70,804,8.71,13.12,160,01854,2009,1996,Nissan,Sentra,Car,,0,2400,14000,29,Gasoline,22.30,0.59,5.33,0,0,0,0,0,0,0,0,0,0,0,0,0,0,0,0
486,242,1451911,346,1,138282,2008-07-02,2009-08-31,t,425,804,52.86,13.12,160,01852,2009,1996,Nissan,Sentra,Car,,0,2400,14000,29,Gasoline,22.30,0.59,5.33,0,0,1,1,1,1,1,0,0,0,0,0,0,0,0,0
492,250,3487402,12800734,1,,2011-02-15,2011-12-31,f,319,319,,0,20,02655,2011,2001,Lincoln,Town-Car,Car,,0,4100,42000,19,Gasoline,15.52,0.00,0.00,0,0,0,0,0,0,0,0,0,0,0,0,1,1,1,1
496,251,4006363,12800735,2,,2011-12-31,2011-12-31,f,0,0,,0,347,01801,2011,2003,Subaru,Forester,Car,,0,3100,24000,21,Gasoline,17.87,0.00,0.00,0,0,0,0,0,0,0,0,0,0,0,0,0,0,0,0
502,253,2595687,11498713,1,,2010-03-03,2010-03-04,f,1,793,,0,236,01201,2010,2007,Chevrolet,Impala,Car,,0,3600,22000,21,Flexfuel,19.77,0.00,0.00,0,0,0,0,0,0,0,0,0,0,0,0,0,0,0,0
504,253,2595687,12800736,1,,2011-05-05,2011-12-31,f,240,240,,0,236,01201,2011,2007,Chevrolet,Impala,Car,,0,3600,22000,21,Flexfuel,19.37,0.00,0.00,0,0,0,0,0,0,0,0,0,0,0,0,0,1,1,1
505,254,6406211,12800737,1,,2011-03-16,2011-12-31,f,290,290,,0,139,01748,2011,2008,Dodge,Ram-Pickup-1500,Truck,,0,5500,33000,15,Gasoline,14.12,0.00,0.00,0,0,0,0,0,0,0,0,0,0,0,0,0,1,1,1
490,250,3487402,352,1,51789,2010-01-26,2011-02-15,t,385,385,100,4.76,20,02655,2011,2001,Lincoln,Town-Car,Car,,0,4100,42000,19,Gasoline,15.52,0.31,2.77,0,0,0,0,0,0,0,0,1,1,1,1,1,0,0,0
491,250,3487402,351,1,49969,2009-01-27,2010-01-26,t,364,364,100,5,20,02655,2010,2001,Lincoln,Town-Car,Car,,0,4100,42000,19,Gasoline,15.84,0.32,2.86,0,0,0,0,1,1,1,1,0,0,0,0,0,0,0,0
493,250,3487402,349,1,46823,2007-08-01,2008-01-30,t,182,335,54.33,2.9,20,02655,2008,2001,Lincoln,Town-Car,Car,,0,4100,42000,19,Gasoline,16.49,0.18,1.59,0,0,0,0,0,0,0,0,0,0,0,0,0,0,0,0
494,250,3487402,350,1,47796,2008-01-30,2009-01-27,t,363,363,100,5.99,20,02655,2009,2001,Lincoln,Town-Car,Car,,0,4100,42000,19,Gasoline,16.16,0.37,3.35,1,1,1,1,0,0,0,0,0,0,0,0,0,0,0,0
495,251,3496756,355,1,117230,2008-12-01,2009-08-31,t,273,392,69.64,33.47,288,01776,2009,2003,Subaru,Forester,Car,,0,3100,24000,21,Gasoline,18.60,1.80,16.29,0,0,0,0,1,1,1,0,0,0,0,0,0,0,0,0
497,251,4006363,357,2,149117,2010-12-31,2011-12-31,t,365,365,100,54.89,347,01801,2011,2003,Subaru,Forester,Car,,0,3100,24000,21,Gasoline,17.87,3.07,27.82,0,0,0,0,0,0,0,0,0,0,0,0,1,1,1,1
498,251,4006363,356,2,130350,2009-12-28,2010-12-31,t,368,368,100,51,347,01801,2010,2003,Subaru,Forester,Car,,0,3100,24000,21,Gasoline,18.23,2.80,25.33,0,0,0,0,0,0,0,0,1,1,1,1,0,0,0,0
499,251,3496756,353,1,88696,2008-04-01,2008-11-07,t,220,507,43.39,30.78,288,01776,2008,2003,Subaru,Forester,Car,,0,3100,24000,21,Gasoline,18.98,1.62,14.69,0,1,1,0,0,0,0,0,0,0,0,0,0,0,0,0
500,251,4006363,355,2,117230,2009-09-01,2009-12-28,t,118,392,30.1,33.47,347,01801,2009,2003,Subaru,Forester,Car,,0,3100,24000,21,Gasoline,18.60,1.80,16.29,0,0,0,0,0,0,0,1,0,0,0,0,0,0,0,0
501,251,3496756,354,1,104303,2008-11-07,2008-12-01,t,24,24,100,538.63,288,01776,2008,2003,Subaru,Forester,Car,,0,3100,24000,21,Gasoline,18.98,28.38,256.96,0,0,0,1,0,0,0,0,0,0,0,0,0,0,0,0
503,253,2595687,358,1,30130,2010-03-04,2011-05-05,t,427,427,100,14.8,236,01201,2011,2007,Chevrolet,Impala,Car,,0,3600,22000,21,Flexfuel,19.37,0.76,6.92,0,0,0,0,0,0,0,0,0,1,1,1,1,0,0,0
507,258,1935491,12800738,1,,2011-09-27,2011-12-31,f,95,197,,0,14,01721,2011,2009,Subaru,Legacy,Car,,0,3300,21000,23,Gasoline,22.09,0.00,0.00,0,0,0,0,0,0,0,0,0,0,0,0,0,0,0,1
510,262,118543,12800739,1,,2011-05-11,2011-12-31,f,234,234,,0,350,02093,2011,2005,Acura,Mdx,SUV,,0,4500,42000,17,Gasoline,15.06,0.00,0.00,0,0,0,0,0,0,0,0,0,0,0,0,0,1,1,1
515,263,442489,12800740,1,,2011-07-13,2011-12-31,f,171,171,,0,160,01854,2011,1996,Honda,Civic,Car,,0,2300,17000,27,Gasoline,19.94,0.00,0.00,0,0,0,0,0,0,0,0,0,0,0,0,0,0,1,1
518,264,6710663,12800741,1,,2011-10-08,2011-12-31,f,84,84,,0,271,01545,2011,2000,Mitsubishi,Galant,Car,,0,3300,22000,20,Gasoline,16.01,0.00,0.00,0,0,0,0,0,0,0,0,0,0,0,0,0,0,0,1
521,265,6912898,12800742,1,,2011-11-12,2011-12-31,f,49,49,,0,244,02368,2011,2001,Gmc,Sierra-1500,Truck,,0,4500,26000,16,Gasoline,13.07,0.00,0.00,0,0,0,0,0,0,0,0,0,0,0,0,0,0,0,1
506,254,6406211,360,1,22950,2010-09-01,2011-03-16,t,196,392,50,57.43,139,01748,2011,2008,Dodge,Ram-Pickup-1500,Truck,,0,5500,33000,15,Gasoline,14.12,4.07,36.84,0,0,0,0,0,0,0,0,0,0,0,1,1,0,0,0
508,262,118543,364,1,62792,2008-04-01,2009-05-04,t,398,398,100,39.31,350,02093,2009,2005,Acura,Mdx,SUV,,0,4500,42000,17,Gasoline,15.68,2.51,22.71,0,1,1,1,1,0,0,0,0,0,0,0,0,0,0,0
